"Guid","Base64 Guid","Type","Asset Name"
"3dc3bda7-5562-4e35-b2ff-4a279736c379","p73DPWJVNU6y/0onlzbDeQ==","(AmbienceRadio)","(AmbienceRadio)"
"39933e01-c270-4adc-9643-d4c195fa4eef","AT6TOXDC3EqWQ9TBlfpO7w==","(AnimationGizmo_V2)","(AnimationGizmo_V2)"
"a6ff3148-a043-4b70-b2d6-05a085546cef","SDH/pkOgcEuy1gWghVRs7w==","(Arena_AutomaticGun)","(Arena_AutomaticGun)"
"ae1183c9-d1bd-43da-b1ae-abcba5cedba8","yYMRrr3R2kOxrqvLpc7bqA==","(Arena_Cyber_TrashBag_Sandbox)Variant","(Arena_Cyber_TrashBag_Sandbox)Variant"
"5f831e90-6af2-4552-bb3f-22ed2c6e4845","kB6DX/JqUkW7PyLtLG5IRQ==","(Arena_EMP)","(Arena_EMP)"
"3e7cdddf-6a1e-4e0d-95f5-76ba3a5ce36a","3918Ph5qDU6V9Xa6Olzjag==","(Arena_Grenade)","(Arena_Grenade)"
"de6b14e1-0cb1-4a19-913d-b4ca61b30798","4RRr3rEMGUqRPbTKYbMHmA==","(Arena_Pistol)","(Arena_Pistol)"
"c04e174d-6bcc-4462-9222-75d709d4273b","TRdOwMxrYkSSInXXCdQnOw==","(Arena_PowerWeapon_BeamGun)","(Arena_PowerWeapon_BeamGun)"
"e700d097-3092-4257-9e7c-c3a14605ccc4","l9AA55IwV0KefMOhRgXMxA==","(Arena_RailGun)","(Arena_RailGun)"
"60c15f4f-1a2b-408d-938c-233cf686cc5c","T1/BYCsajUCTjCM89obMXA==","(Arena_RocketLauncher)","(Arena_RocketLauncher)"
"d27107a2-2235-4ad3-a44e-0e7a1bc567eb","ogdx0jUi00qkTg56G8Vn6w==","(Arena_Shotgun)","(Arena_Shotgun)"
"facaf567-b1ba-4f3f-b1f0-b26f8a91da17","Z/XK+rqxP0+x8LJvipHaFw==","(ArtCanvas)","(ArtCanvas)"
"41de6f45-e803-4913-ba16-bf0895311b53","RW/eQQPoE0m6Fr8IlTEbUw==","(ArtCanvas_Square)","(ArtCanvas_Square)"
"ed60674c-a268-4e77-b68a-d809f507353f","TGdg7Wiid062itgJ9Qc1Pw==","(AudioEffectZone)","(AudioEffectZone)"
"8e32c141-3564-48e8-b73c-23f288658577","QcEyjmQ16Ei3PCPyiGWFdw==","(AudioPlayerNodeVisualization_CV2)","(AudioPlayerNodeVisualization_CV2)"
"507d089c-ca7f-4a49-a02e-ee9e891bf26d","nAh9UH/KSUqgLu6eiRvybQ==","(Avatar_Item_Display)","(Avatar_Item_Display)"
"60cf49d9-7d39-438c-bbe5-b512526e25da","2UnPYDl9jEO75bUSUm4l2g==","(Basketball)","(Basketball)"
"3e75c4f5-f83d-4da5-8d30-99e945c475bc","9cR1Pj34pU2NMJnpRcR1vA==","(Basketballhoop)","(Basketballhoop)"
"7e5d3c3d-6583-4edd-92d9-b353d158fc11","PTxdfoNl3U6S2bNT0Vj8EQ==","(BloomCircuit)","(BloomCircuit)"
"42f21c07-6227-4309-af70-17c9cc47c6ae","BxzyQidiCUOvcBfJzEfGrg==","(BoomMicrophoneStand_Sandbox)","(BoomMicrophoneStand_Sandbox)"
"150b6ed8-8da7-4e16-b42e-1a1984251090","2G4LFaeNFk60LhoZhCUQkA==","(Booth_Diner_Sandbox)Variant","(Booth_Diner_Sandbox)Variant"
"dcf51180-fc5f-4b49-a60f-b8d98b67771f","gBH13F/8SUumD7jZi2d3Hw==","(BowlingAlley_Jukebox_Sandbox)Variant","(BowlingAlley_Jukebox_Sandbox)Variant"
"54889d87-9118-496c-8fbd-5130713ac349","h52IVBiRbEmPvVEwcTrDSQ==","(BowlingAlley_Stool)SandboxVariant","(BowlingAlley_Stool)SandboxVariant"
"0c1585b8-6645-4b58-8671-a5c86ddf8679","uIUVDEVmWEuGcaXIbd+GeQ==","(BowlingBall)","(BowlingBall)"
"5cac89bc-f5c4-4d93-8ab8-1a4229e445b6","vImsXMT1k02KuBpCKeRFtg==","(Bowling_GameRuleWrapperCircuit)Variant","(Bowling_GameRuleWrapperCircuit)Variant"
"da3bfbf6-b469-4428-a947-5be19edbe072","9vs72mm0KESpR1vhntvgcg==","(BreakerBox_Sandbox)Variant","(BreakerBox_Sandbox)Variant"
"a113a0e4-bb05-4b12-8697-70113734cff6","5KAToQW7EkuGl3ARNzTP9g==","(BroadcastCameraStand_Sandbox)","(BroadcastCameraStand_Sandbox)"
"d453a594-67f4-4af5-bd6c-4640ea40227a","lKVT1PRn9Uq9bEZA6kAieg==","(Bucket)","(Bucket)"
"4681a550-b963-43d4-800d-3a159ef86af5","UKWBRmO51EOADToVnvhq9Q==","(BulletinBoard_Sandbox)Variant","(BulletinBoard_Sandbox)Variant"
"92ece867-6e5b-48ea-8be6-576247d0c789","Z+jskltu6kiL5ldiR9DHiQ==","(Button_StuntRunnerEnd_Sandbox)","(Button_StuntRunnerEnd_Sandbox)"
"977b9407-b2d8-449e-9233-edb1e0c8caa4","B5R7l9iynkSSM+2x4MjKpA==","(Car_50s_Sandbox)Variant","(Car_50s_Sandbox)Variant"
"e7a4585d-0f43-4ba3-82a7-ca71b831bcf8","XVik50MPo0uCp8pxuDG8+A==","(Car_80sSportsCar_Sandbox)Variant","(Car_80sSportsCar_Sandbox)Variant"
"55009cc1-c5bd-4209-addd-e13b3c0cfdb3","wZwAVb3FCUKt3eE7PAz9sw==","(Cardboard_box_Sandbox)Variant","(Cardboard_box_Sandbox)Variant"
"a924c031-bf37-428e-b54b-616fd06e07bf","McAkqTe/jkK1S2Fv0G4Hvw==","(Chair_Beanbag_Sandbox)Variant","(Chair_Beanbag_Sandbox)Variant"
"4328010c-7c79-49de-ac8f-e05201d707cb","DAEoQ3l83kmsj+BSAdcHyw==","(Chair_Cafe_Round_Sandbox)Variant","(Chair_Cafe_Round_Sandbox)Variant"
"eb45ecf0-a3ed-4888-bb4c-4bf09a8012ee","8OxF6+2jiEi7TEvwmoAS7g==","(Chair_Moveable)","(Chair_Moveable)"
"90343747-ce75-494c-9787-29f5c6b58057","Rzc0kHXOTEmXhyn1xrWAVw==","(CharadesCoOpClassic_GameRuleWrapperCircuit)Variant","(CharadesCoOpClassic_GameRuleWrapperCircuit)Variant"
"ba88ffc9-1279-4604-b8f9-999e3fb01074","yf+IunkSBEa4+ZmeP7AQdA==","(CharadesPen)","(CharadesPen)"
"0881a828-dc63-4f6c-8632-9920962d8ea4","KKiBCGPcbE+GMpkgli2OpA==","(CharadesTeamLightning_GameRuleWrapperCircuit)Variant","(CharadesTeamLightning_GameRuleWrapperCircuit)Variant"
"1dd2f7c2-e7fc-4c92-8815-334e669a5487","wvfSHfznkkyIFTNOZppUhw==","(Charades_InkSpace_MainHull_Sandbox)Variant","(Charades_InkSpace_MainHull_Sandbox)Variant"
"96274c00-0b28-4c67-82d3-544490031703","AEwnligLZ0yC01REkAMXAw==","(Charades_Stage)","(Charades_Stage)"
"977cecc1-a53f-43c7-a919-c091e845724c","wex8lz+lx0OpGcCR6EVyTA==","(Checkpoint_Sandbox)","(Checkpoint_Sandbox)"
"f4a12ca6-12de-4f43-a46f-f394e879d9a9","piyh9N4SQ0+kb/OU6HnZqQ==","(Checkpoint_Scaffolding_Sandbox_Invention)Variant","(Checkpoint_Scaffolding_Sandbox_Invention)Variant"
"66bc2ca7-38a5-4d4b-8ca1-b2e5b513f632","pyy8ZqU4S02MobLltRP2Mg==","(CircuitBeacon)","(CircuitBeacon)"
"d940c155-18a0-47a0-8ecd-66a723f86d99","VcFA2aAYoEeOzWanI/htmQ==","(CircuitBeacon_CV2)","(CircuitBeacon_CV2)"
"0596e909-7812-4d55-8c55-45488a3b7c4b","CemWBRJ4VU2MVUVIijt8Sw==","(CircuitGroup)","(CircuitGroup)"
"1238e080-5292-4ce4-820d-8c9a262a4fdc","gOA4EpJS5EyCDYyaJipP3A==","(CircuitStageLight)","(CircuitStageLight)"
"0c2b5d74-e36b-42ab-bd6d-18b235b04751","dF0rDGvjq0K9bRiyNbBHUQ==","(CircuitStageLightV2)","(CircuitStageLightV2)"
"31cfcfdc-e0bc-4c42-896d-8c5797224729","3M/PMbzgQkyJbYxXlyJHKQ==","(Circuit_Trail)","(Circuit_Trail)"
"e726596f-da0a-4f03-b959-68f63ca234dc","b1km5wraA0+5WWj2PKI03A==","(ColorGradingCircuit)","(ColorGradingCircuit)"
"d7f10e58-caee-409e-8c26-35679aba5ed6","WA7x1+7KnkCMJjVnmrpe1g==","(CommentatorBooth_Sandbox_Invention)Variant","(CommentatorBooth_Sandbox_Invention)Variant"
"95c9c616-1715-4700-8fa5-07c1dd8e6f1e","FsbJlRUXAEePpQfB3Y5vHg==","(Concrete_Barrier_Sandbox)Variant","(Concrete_Barrier_Sandbox)Variant"
"8a043a5d-4ebf-4cb4-af56-a94d2e0a255d","XToEir9OtEyvVqlNLgolXQ==","(Concrete_Tube_Sandbox)Variant","(Concrete_Tube_Sandbox)Variant"
"1aafffa2-ebc8-463b-a0b3-0a8d7d681903","ov+vGsjrO0agswqNfWgZAw==","(ControlPanel_Short_Sandbox)Variant","(ControlPanel_Short_Sandbox)Variant"
"e23c3c38-7224-46fc-bf5d-056641965116","ODw84iRy/Ea/XQVmQZZRFg==","(ControlPanel_Tall_Sandbox)Variant","(ControlPanel_Tall_Sandbox)Variant"
"e9b11ffd-f6f3-4f91-85cb-d9a2081ce3b5","/R+x6fP2kU+Fy9miCBzjtQ==","(CostumeDummyPlus)","(CostumeDummyPlus)"
"4bf3bf12-1ad9-4d3b-af4d-d0fb664c0475","Er/zS9kaO02vTdD7ZkwEdQ==","(CrashPad_1x1.5_ExtraThick_Sandbox)","(CrashPad_1x1.5_ExtraThick_Sandbox)"
"8252197a-b7c6-469a-a2b6-99f2240170e8","ehlSgsa3mkaitpnyJAFw6A==","(CrashPad_1x2_Thick_Sandbox)","(CrashPad_1x2_Thick_Sandbox)"
"925be9f5-0dba-47ce-8047-efa88bfd6e9c","9elbkroNzkeAR++oi/1unA==","(CrashPad_1x2_Thin_Sandbox)","(CrashPad_1x2_Thin_Sandbox)"
"56734ef5-1e71-475e-b84f-b471f8c0c560","9U5zVnEeXke4T7Rx+MDFYA==","(CrashPad_Scaffolding_Sandbox)","(CrashPad_Scaffolding_Sandbox)"
"49da4288-16ad-4fbb-b61e-f4253ce8bf27","iELaSa0Wu0+2HvQlPOi/Jw==","(CrescendoOfTheBloodMoon_GameRuleWrapperCircuit)Variant","(CrescendoOfTheBloodMoon_GameRuleWrapperCircuit)Variant"
"913f758f-4842-47a3-a0b6-98bbee275793","j3U/kUJIo0egtpi77idXkw==","(Crossbow)","(Crossbow)"
"b158c384-8a46-418a-9bf8-83eda8a429a3","hMNYsUaKikGb+IPtqKQpow==","(Crossbow_Hunter)","(Crossbow_Hunter)"
"65df0840-b8ce-4fb6-aec5-f6b8acb3ca53","QAjfZc64tk+uxfa4rLPKUw==","(CurseOfTheCrimsonCauldron_GameRuleWrapperCircuit)Variant","(CurseOfTheCrimsonCauldron_GameRuleWrapperCircuit)Variant"
"60f3acff-d4f8-4d08-8e6b-a31d3b66b875","/6zzYPjUCE2Oa6MdO2a4dQ==","(Curtain_NoTassel_Sandbox)Variant","(Curtain_NoTassel_Sandbox)Variant"
"d91d3312-4078-4c56-8d9e-d579fc7c3111","EjMd2XhAVkyNntV5/HwxEQ==","(DEPRECATED_HolotarProjector)","(DEPRECATED_HolotarProjector)"
"8970f09f-145e-4034-8f1a-53ce0f726060","n/BwiV4UNECPGlPOD3JgYA==","(DEPRECATED_Sandbox_Button)","(DEPRECATED_Sandbox_Button)"
"ecc19248-ae6d-4e8a-841e-94b8972e0ce2","SJLB7G2uik6EHpS4ly4M4g==","(DEPRECATED_Sandbox_Creator_Feedback_Buttons)","(DEPRECATED_Sandbox_Creator_Feedback_Buttons)"
"6e5401ee-ab25-4c44-8d6a-8abf989ad569","7gFUbiWrREyNaoq/mJrVaQ==","(DEPRECATED_Sandbox_RoomDoor)","(DEPRECATED_Sandbox_RoomDoor)"
"bea594fa-737e-4bb3-ad2f-d265d4c913a7","+pSlvn5zs0utL9Jl1MkTpw==","(Dam_ElectricalUnit_Sandbox)Variant","(Dam_ElectricalUnit_Sandbox)Variant"
"15732d45-d04a-4614-b2b5-47e0cc11bb2c","RS1zFUrQFEaytUfgzBG7LA==","(Dart)","(Dart)"
"3b0a2000-214c-470b-a36b-b4c5083c47f1","ACAKO0whC0eja7TFCDxH8Q==","(DesktopScreenSharingTool)","(DesktopScreenSharingTool)"
"47056ae3-e7e8-4dc5-8121-675b9b827065","42oFR+jnxU2BIWdbm4JwZQ==","(DialogueUI)","(DialogueUI)"
"062749ec-3152-43cd-b82f-0940953e2160","7EknBlIxzUO4LwlAlT4hYA==","(Die)","(Die)"
"cc7be8c5-574f-499e-a16e-05c7a4e05f3c","xeh7zE9XnkmhbgXHpOBfPA==","(DinerNapkins_Sandbox)Variant","(DinerNapkins_Sandbox)Variant"
"ef8c6645-96ac-48f0-9fb6-83f3e6f12392","RWaM76yW8EiftoPz5vEjkg==","(DiscGolfCoopCatch_GameRuleWrapperCircuit)Variant","(DiscGolfCoopCatch_GameRuleWrapperCircuit)Variant"
"5f51b6a9-636f-4c48-9915-93fc5275bb63","qbZRX29jSEyZFZP8UnW7Yw==","(DiscGolfDisc)","(DiscGolfDisc)"
"ae478b1c-b391-4f6d-9dc0-6603d7ca93ed","HItHrpGzbU+dwGYD18qT7Q==","(DiscGolf_GameRuleWrapperCircuit)Variant","(DiscGolf_GameRuleWrapperCircuit)Variant"
"86781a22-44e5-40d3-a520-48b0d1fd2a4a","Ihp4huVE00ClIEiw0f0qSg==","(DodgeballBall)","(DodgeballBall)"
"7abd88ba-e392-4e46-9f00-7899adcf0fb2","uoi9epLjRk6fAHiZrc8Psg==","(Dodgeball_GameRuleWrapperCircuit)Variant","(Dodgeball_GameRuleWrapperCircuit)Variant"
"8a53c4f4-a0f1-454b-9da9-f3b0375a27e8","9MRTivGgS0WdqfOwN1on6A==","(Dorm_Bunk_Bed)","(Dorm_Bunk_Bed)"
"51e4dacc-e580-4903-bbd0-8e1fc2c1f346","zNrkUYDlA0m70I4fwsHzRg==","(Dorm_Campus_Map)","(Dorm_Campus_Map)"
"c9fe6fed-41a0-49f5-bd79-2c297728e61c","7W/+yaBB9Um9eSwpdyjmHA==","(Dorm_Ceiling_Angled)","(Dorm_Ceiling_Angled)"
"b5ed6509-39d9-41b4-a423-3e5da060b9ec","CWXttdk5tEGkIz5doGC57A==","(Dorm_Ceiling_Flat)","(Dorm_Ceiling_Flat)"
"fbd5d2ac-a99f-440f-a475-8a1fb7b11811","rNLV+5+pD0SkdYoft7EYEQ==","(Dorm_Community_Board)","(Dorm_Community_Board)"
"51d8a7c1-20c0-428d-bc69-8eed6e08a1bc","wafYUcAgjUK8aY7tbgihvA==","(Dorm_Desk_Lamp)","(Dorm_Desk_Lamp)"
"f3c71646-5572-4933-8d89-d100b119d6b4","RhbH83JVM0mNidEAsRnWtA==","(Dorm_Dresser)","(Dorm_Dresser)"
"5be5cb50-86b1-4aad-8a11-439f16fb7be5","UMvlW7GGrUqKEUOfFvt75Q==","(Dorm_Floor)","(Dorm_Floor)"
"42cb2e16-8a86-457c-a64d-47e5fc89d5a2","Fi7LQoaKfEWmTUfl/InVog==","(Dorm_Floor_Trim)","(Dorm_Floor_Trim)"
"5835ee11-e105-480e-866f-dbf6563fda7c","Ee41WAXhDkiGb9v2Vj/afA==","(Dorm_Floor_Trim_1)","(Dorm_Floor_Trim_1)"
"e63ebde4-5829-4284-8ca8-cacf2c606c3e","5L0+5ilYhEKMqMrPLGBsPg==","(Dorm_Floor_Trim_2)","(Dorm_Floor_Trim_2)"
"420a40ad-a022-4535-9567-29274ab32567","rUAKQiKgNUWVZyknSrMlZw==","(Dorm_Floor_Trim_3)","(Dorm_Floor_Trim_3)"
"422d490d-72c3-4095-9005-8dfac56c3dcd","DUktQsNylUCQBY36xWw9zQ==","(Dorm_Floor_Trim_4)","(Dorm_Floor_Trim_4)"
"107d8e3b-daa1-4145-ba1e-075fb40a67cf","O459EKHaRUG6HgdftApnzw==","(Dorm_Floor_Trim_5)","(Dorm_Floor_Trim_5)"
"dc38f58b-458a-41e1-a372-622d7960f630","i/U43IpF4UGjcmIteWD2MA==","(Dorm_Floor_Trim_6)","(Dorm_Floor_Trim_6)"
"58b230d4-a332-41e5-b8fc-cbbc836ceec5","1DCyWDKj5UG4/Mu8g2zuxQ==","(Dorm_Floor_Trim_7)","(Dorm_Floor_Trim_7)"
"50ee8ec4-258d-4297-a922-102712d3c807","xI7uUI0ll0KpIhAnEtPIBw==","(Dorm_Fluorescent_Light)","(Dorm_Fluorescent_Light)"
"5182b200-bc31-4891-a189-d8cd912bb719","ALKCUTG8kUihidjNkSu3GQ==","(Dorm_FreeMirror)","(Dorm_FreeMirror)"
"2867380e-718b-44f2-9080-ec8e52c15021","DjhnKItx8kSQgOyOUsFQIQ==","(Dorm_Help_Buttons)","(Dorm_Help_Buttons)"
"8eb7b6a6-d1b8-41ba-9fbc-4567c0d23296","pra3jrjRukGfvEVnwNIylg==","(Dorm_Ladder)","(Dorm_Ladder)"
"f0b67e92-4f89-48d0-be2a-380c73354af9","kn628IlP0Ei+KjgMczVK+Q==","(Dorm_Light_Shafts)","(Dorm_Light_Shafts)"
"fd14efcd-d726-4bed-9fb2-25bcb513ba43","ze8U/SbX7UufsiW8tRO6Qw==","(Dorm_Loft_Beam)","(Dorm_Loft_Beam)"
"9ffd7664-8c74-4f6c-9019-624bdfee9756","ZHb9n3SMbE+QGWJL3+6XVg==","(Dorm_Loft_Floor)","(Dorm_Loft_Floor)"
"28f11aa8-4310-4f70-8d61-d62b0da29bce","qBrxKBBDcE+NYdYrDaKbzg==","(Dorm_Loft_Railing)","(Dorm_Loft_Railing)"
"0d84842a-3aaa-44c9-b43d-e3df1b403cc6","KoSEDao6yUS0PePfG0A8xg==","(Dorm_Loft_Shelves)","(Dorm_Loft_Shelves)"
"61c3100a-ece6-4483-8105-544ceda0b54a","ChDDYebsg0SBBVRM7aC1Sg==","(Dorm_Mirror_Buttons)","(Dorm_Mirror_Buttons)"
"5093a603-1e55-4064-908b-e953f907c9eb","A6aTUFUeZECQi+lT+QfJ6w==","(Dorm_Rug)","(Dorm_Rug)"
"538bfbe9-4553-4422-ae8a-00310a155a1e","6fuLU1NFIkSuigAxChVaHg==","(Dorm_Skylight_Frame)","(Dorm_Skylight_Frame)"
"28136f43-6809-4941-8088-8b59e8249504","Q28TKAloQUmAiItZ6CSVBA==","(Dorm_Skylight_Window)","(Dorm_Skylight_Window)"
"45a49811-3673-4926-aff2-27cdac370d50","EZikRXM2Jkmv8ifNrDcNUA==","(Dorm_Wall_1)","(Dorm_Wall_1)"
"7ccacf22-d9d2-4c08-aeb7-be5c274a7399","Is/KfNLZCEyut75cJ0pzmQ==","(Dorm_Wall_1_Down)","(Dorm_Wall_1_Down)"
"e551c7d8-5902-4af1-9b82-4975a137828c","2MdR5QJZ8Uqbgkl1oTeCjA==","(Dorm_Wall_1_Up)","(Dorm_Wall_1_Up)"
"aed5bbb2-3e2e-4cbf-81a0-490b6c345ad0","srvVri4+v0yBoEkLbDRa0A==","(Dorm_Wall_2)","(Dorm_Wall_2)"
"ee76c560-5c57-444a-aef9-a0e06578cc1c","YMV27ldcSkSu+aDgZXjMHA==","(Dorm_Wall_3)","(Dorm_Wall_3)"
"4a753387-c244-4fb1-91ee-430f26b80cd3","hzN1SkTCsU+R7kMPJrgM0w==","(Dorm_Wall_4)","(Dorm_Wall_4)"
"42e112c7-a135-4325-8df8-e5c490189dd7","xxLhQjWhJUON+OXEkBid1w==","(Dorm_Wall_Loft_1)","(Dorm_Wall_Loft_1)"
"64b46afd-5e57-4c09-beb7-381352002c75","/Wq0ZFdeCUy+tzgTUgAsdQ==","(Dorm_Wall_Loft_1_Down)","(Dorm_Wall_Loft_1_Down)"
"6271d7a5-246a-4995-95d6-e057015233cc","pddxYmoklUmV1uBXAVIzzA==","(Dorm_Wall_Loft_1_Up)","(Dorm_Wall_Loft_1_Up)"
"b05f33ea-dd7b-4b28-9169-748dd62f1303","6jNfsHvdKEuRaXSN1i8TAw==","(Dorm_Wall_Loft_2)","(Dorm_Wall_Loft_2)"
"8d42ed37-f635-46e4-a5af-5df7ca227ada","N+1CjTX25Ealr133yiJ62g==","(Dorm_Wall_Loft_2_Down)","(Dorm_Wall_Loft_2_Down)"
"7f04ad69-f9a9-4743-ae22-4bd913b40e6c","aa0Ef6n5Q0euIkvZE7QObA==","(Dorm_Wall_Loft_2_Up)","(Dorm_Wall_Loft_2_Up)"
"1127f36e-70fb-4867-a0fe-696070313f43","bvMnEftwZ0ig/mlgcDE/Qw==","(Dorm_Wall_Pillar)","(Dorm_Wall_Pillar)"
"8d80f3d5-84c7-4fa2-a523-3aedea442f9d","1fOAjceEok+lIzrt6kQvnQ==","(Dorm_Wall_Stripe)","(Dorm_Wall_Stripe)"
"71f1de10-af19-4ed2-81d0-25bb6e18a1c5","EN7xcRmv0k6B0CW7bhihxQ==","(Dorm_Window_Large_Frame)","(Dorm_Window_Large_Frame)"
"9ea3133e-1277-4ef0-b348-e39601361608","PhOjnncS8E6zSOOWATYWCA==","(Dorm_Window_Large_Panes)","(Dorm_Window_Large_Panes)"
"d47b345d-2933-4c9b-90c9-0c350f3a1156","XTR71DMpm0yQyQw1DzoRVg==","(Dorm_Window_Small_Frame)","(Dorm_Window_Small_Frame)"
"57bd4931-90c7-42fc-9728-94ce86d7dc99","MUm9V8eQ/EKXKJTOhtfcmQ==","(Dorm_Window_Small_Panes)","(Dorm_Window_Small_Panes)"
"136cb105-4953-406c-8b5f-d5423e9fc5ad","BbFsE1NJbECLX9VCPp/FrQ==","(DrawableClipboard)","(DrawableClipboard)"
"186b9eca-0233-48a2-a17c-b95e5a0c9b9b","yp5rGDMCokihfLleWgybmw==","(Drivein_AC_Sandbox)Variant","(Drivein_AC_Sandbox)Variant"
"8e157d7a-70d3-4d72-8607-cc3636786a91","en0VjtNwck2GB8w2NnhqkQ==","(Drivein_Projector_Sandbox)Variant","(Drivein_Projector_Sandbox)Variant"
"41ecc8e8-81c2-413b-8592-d2fdbc9730cc","6MjsQcKBO0GFktL9vJcwzA==","(Drivein_SteamVent_Sandbox)Variant","(Drivein_SteamVent_Sandbox)Variant"
"eba5f4ef-63c7-468c-8503-9328fdc95ddb","7/Sl68djjEaFA5Mo/cld2w==","(Dumpster_Sandbox)Variant","(Dumpster_Sandbox)Variant"
"8be5d9e6-3cd4-4428-9b5f-ddce6a13e97c","5tnli9Q8KESbX93OahPpfA==","(DynamicDomeLightGadget_CV2)","(DynamicDomeLightGadget_CV2)"
"871ddc21-1ece-455b-b157-59dbd8453e8a","Idwdh84eW0WxV1nb2EU+ig==","(DynamicPointLightGadget_CV2)","(DynamicPointLightGadget_CV2)"
"1ec28e5f-4aa6-4ccc-ac25-a8c9805fd197","X47CHqZKzEysJajJgF/Rlw==","(DynamicSpotlightGadget_CV2)","(DynamicSpotlightGadget_CV2)"
"d3257562-33a9-4f05-955d-a352a180a0d3","YnUl06kzBU+VXaNSoYCg0w==","(DynamicSunDirectionGadget_CV2)","(DynamicSunDirectionGadget_CV2)"
"511c8a1e-ec7a-4839-b1e5-8bdc00e71070","HoocUXrsOUix5YvcAOcQcA==","(ElectricalPole_Sandbox)Variant","(ElectricalPole_Sandbox)Variant"
"3189e676-1444-4ea6-aab9-8016cd5fc783","duaJMUQUpk6quYAWzV/Hgw==","(Element_Snap_Point)","(Element_Snap_Point)"
"e6362bf9-1572-410d-b702-62059d55609d","+Ss25nIVDUG3AmIFnVVgnQ==","(EndingGate_Sandbox_Invention)Variant","(EndingGate_Sandbox_Invention)Variant"
"58093502-5ffc-459f-ae3d-6a0584d7f32a","AjUJWPxfn0WuPWoFhNfzKg==","(Eraser)","(Eraser)"
"01417117-b510-4cbf-81ce-bc5dc310abec","F3FBARC1v0yBzrxdwxCr7A==","(EraserMarker)","(EraserMarker)"
"121d2a4d-4842-4f0a-8625-24ff20a797a0","TSodEkJICk+GJST/IKeXoA==","(FatPot)","(FatPot)"
"28ca2fd8-4a4a-45d9-85d2-deb994bac346","2C/KKEpK2UWF0t65lLrDRg==","(FatPot_Large)","(FatPot_Large)"
"85d8422c-7f57-4266-a503-fe59ec5dd630","LELYhVd/ZkKlA/5Z7F3WMA==","(Fence_Sandbox)Variant","(Fence_Sandbox)Variant"
"62fbc9a6-62b5-44c3-bbc6-1ad9c61bb5dd","psn7YrViw0S7xhrZxhu13Q==","(Fence_Wood_Board_Wide_Sandbox)Variant","(Fence_Wood_Board_Wide_Sandbox)Variant"
"e2db443b-78d4-4c89-9210-c499ec9983ab","O0Tb4tR4iUySEMSZ7JmDqw==","(Fence_Wood_Frame_5m_Sandbox)Variant","(Fence_Wood_Frame_5m_Sandbox)Variant"
"d0f28015-49e0-4212-b258-73b217e9507e","FYDy0OBJEkKyWHOyF+lQfg==","(FlagAndGoal)","(FlagAndGoal)"
"4fff9afe-8b89-4962-876d-6b7b1edd4e21","/pr/T4mLYkmHbWt7Ht1OIQ==","(FlagGoal)","(FlagGoal)"
"a222adf3-e288-495c-ab78-f92f5775eaa6","860ioojiXEmrePkvV3Xqpg==","(FlagTool)","(FlagTool)"
"1479ef8c-6f4e-4f29-9862-8154a6870c8d","jO95FE5vKU+YYoFUpocMjQ==","(FullBodyCostumeDummy)","(FullBodyCostumeDummy)"
"26b430e5-e433-44ff-9c64-a93f00ee90e7","5TC0JjPk/0ScZKk/AO6Q5w==","(FullBodyPuppetProp)","(FullBodyPuppetProp)"
"2ace6351-ba31-48c2-a033-7bc13391f204","UWPOKjG6wkigM3vBM5HyBA==","(GameAIVisualization)","(GameAIVisualization)"
"3484eb84-543f-4a0c-9894-a2df4c7910ab","hOuEND9UDEqYlKLfTHkQqw==","(GameConfiguration)","(GameConfiguration)"
"3e1aae3a-c5f4-40bb-9426-f567f280ef9f","Oq4aPvTFu0CUJvVn8oDvnw==","(GameGetScoreNode)","(GameGetScoreNode)"
"f44ea647-3815-4e49-8040-52d7548e7fad","R6ZO9BU4SU6AQFLXVI5/rQ==","(GameSetScoreNode)","(GameSetScoreNode)"
"f40af746-db67-4c57-bc61-61c4b5b19ce4","RvcK9GfbV0y8YWHEtbGc5A==","(GameSetStateNode)","(GameSetStateNode)"
"b8e63080-6311-4669-9bf1-324a54fdf5bc","gDDmuBFjaUab8TJKVP31vA==","(GameStateInputNodeVisualization)","(GameStateInputNodeVisualization)"
"fb96f73f-d7d3-4f10-99b6-fc3e31d319b3","P/eW+9PXEE+Ztvw+MdMZsw==","(GameStateOutputNodeVisualizationOld)","(GameStateOutputNodeVisualizationOld)"
"de962180-abd0-42af-a80c-74699c69dc27","gCGW3tCrr0KoDHRpnGncJw==","(GasPump_Sandbox)Variant","(GasPump_Sandbox)Variant"
"51abc569-8b77-4501-a02f-deb5002625ea","acWrUXeLAUWgL961ACYl6g==","(GetLeaderboardStatNode)","(GetLeaderboardStatNode)"
"6e588d4f-294e-475a-89b1-767fe9242bbe","T41Ybk4pWkeJsXZ/6SQrvg==","(GetPlayerStatNode)","(GetPlayerStatNode)"
"c2c81b01-c34a-4af2-81c6-e97b5b55fdd5","ARvIwkrD8kqBxul7W1X91Q==","(Golden_Bucket)","(Golden_Bucket)"
"03c7c116-f8ed-4078-a46e-3e5f1cffc1f8","FsHHA+34eECkbj5fHP/B+A==","(Grenade)","(Grenade)"
"2de1d955-ca78-4d65-8b33-6f943b047357","VdnhLXjKZU2LM2+UOwRzVw==","(HandheldStreamerCamera)","(HandheldStreamerCamera)"
"84770f19-40fb-4bc3-be3c-a9c84724cc30","GQ93hPtAw0u+PKnIRyTMMA==","(Hay_Bale_Sandbox)Variant","(Hay_Bale_Sandbox)Variant"
"e022c17d-c412-4fe7-97e4-6d14dcf09df5","fcEi4BLE50+X5G0U3PCd9Q==","(HolotarProjector_CV1)","(HolotarProjector_CV1)"
"228cf73c-e588-4bfd-a6a6-cd13773c6854","PPeMIojl/Uumps0TdzxoVA==","(HolotarProjector_CV2)","(HolotarProjector_CV2)"
"df2c7017-af26-43c5-b39e-955e3665d766","F3As3yavxUOznpVeNmXXZg==","(IBeam_10M_Sandbox)Variant","(IBeam_10M_Sandbox)Variant"
"7f29e24f-e6c1-43f7-8152-f841b2765067","T+Ipf8Hm90OBUvhBsnZQZw==","(IBeam_5M_Sandbox)Variant","(IBeam_5M_Sandbox)Variant"
"87e4a2ad-6201-4f0d-86db-331e5205e9d7","raLkhwFiDU+G2zMeUgXp1w==","(IBeam_Bracket_Sandbox)Variant","(IBeam_Bracket_Sandbox)Variant"
"b7dad285-5676-4433-be94-dfa494d70209","hdLat3ZWM0S+lN+klNcCCQ==","(IcebreakersCardSet)","(IcebreakersCardSet)"
"a6098ff5-a5cf-40e4-b0f2-ccb59d5fe537","9Y8Jps+l5ECw8sy1nV/lNw==","(ImpulseButtonNode)","(ImpulseButtonNode)"
"9429a3d9-039d-4436-b146-bfd7a479eb82","2aMplJ0DNkSxRr/XpHnrgg==","(Impulse_Volume_Sandbox)","(Impulse_Volume_Sandbox)"
"c69347ac-f50e-4289-8cfd-685933c51191","rEeTxg71iUKM/WhZM8URkQ==","(IndicatorNode)","(IndicatorNode)"
"a8f2e656-d58e-4f27-a693-cf13ff088891","VubyqI7VJ0+mk88T/wiIkQ==","(InteractionVolume)","(InteractionVolume)"
"d2f91ce9-7acf-4724-9bb8-c73b2436518e","6Rz50s96JEebuMc7JDZRjg==","(InteractionVolumeV2)","(InteractionVolumeV2)"
"83f39440-bab9-4ba9-af35-baa89d9d1f27","QJTzg7m6qUuvNbqonZ0fJw==","(InvisibleCollision_CV2)","(InvisibleCollision_CV2)"
"549db255-2010-466d-be72-8f163840f0f3","VbKdVBAgbUa+co8WOEDw8w==","(IsleofLostSkulls_GameRuleWrapperCircuit)Variant","(IsleofLostSkulls_GameRuleWrapperCircuit)Variant"
"83a47ce5-f8b8-4429-af78-4bf790260faf","5Xykg7j4KUSveEv3kCYPrw==","(Keepsake)","(Keepsake)"
"afef19e2-afcc-4c85-a140-1ad26350cc71","4hnvr8yvhUyhQBrSY1DMcQ==","(LaserTag_GameRuleWrapperCircuit)Variant","(LaserTag_GameRuleWrapperCircuit)Variant"
"35699fb7-d174-4f6b-b068-d83e19c97a6e","t59pNXTRa0+waNg+Gcl6bg==","(Laundry_Bin)","(Laundry_Bin)"
"68ca40df-b319-4583-beb0-994d30748b66","30DKaBmzg0W+sJlNMHSLZg==","(LawnChair_Sandbox)Variant","(LawnChair_Sandbox)Variant"
"42e1e29a-5984-4f08-ac95-94508987833d","muLhQoRZCE+slZRQiYeDPQ==","(LeaderboardProjector)","(LeaderboardProjector)"
"8d62e36e-37b1-4bf5-bf1e-f81d9434f395","buNijbE39Uu/HvgdlDTzlQ==","(LeaderboardProjector_V2)","(LeaderboardProjector_V2)"
"d4bf86b7-ca65-420f-b299-9d2b5cfe91d2","t4a/1GXKD0KymZ0rXP6R0g==","(Legacy_ScoreInputNodeVisualization)","(Legacy_ScoreInputNodeVisualization)"
"433f6412-a1a8-447e-ba5a-db2e452623ce","EmQ/Q6ihfkS6WtsuRSYjzg==","(Legacy_SetScoreOutputNodeVisualization)","(Legacy_SetScoreOutputNodeVisualization)"
"60efba41-b7f6-4a97-b54c-3aacfc590972","QbrvYPa3l0q1TDqs/FkJcg==","(Light_Chevron_Sandbox)","(Light_Chevron_Sandbox)"
"e46e26c8-4099-485a-b1e3-28825b93f35c","yCZu5JlAWkix4yiCW5PzXA==","(Light_Marquee_Long_Sandbox)","(Light_Marquee_Long_Sandbox)"
"7e2afaf8-c21c-43b0-9547-7feccf90bac9","+PoqfhzCsEOVR3/sz5C6yQ==","(Light_Pendant_Sandbox)Variant","(Light_Pendant_Sandbox)Variant"
"3eb55f00-025e-4f07-b3c8-eeca84b369f5","AF+1Pl4CB0+zyO7KhLNp9Q==","(Light_Strip_Short_Sandbox)","(Light_Strip_Short_Sandbox)"
"a0932e4d-4a39-45a9-94b7-3ac565937eca","TS6ToDlKqUWUtzrFZZN+yg==","(LogPile_Sandbox)Variant","(LogPile_Sandbox)Variant"
"5628b47b-1a7b-4432-9b86-73e528e8d833","e7QoVnsaMkSbhnPlKOjYMw==","(LogScreen)","(LogScreen)"
"de59b813-442f-4ac6-8878-20762403d27b","E7hZ3i9ExkqIeCB2JAPSew==","(Longbow)","(Longbow)"
"c386f0dc-8162-4317-b985-b8705b523879","3PCGw2KBF0O5hbhwW1I4eQ==","(MagicMarker)","(MagicMarker)"
"f152ff8a-27b6-47d9-ad0b-036298e64906","iv9S8bYn2UetCwNimOZJBg==","(MagneticAnchor)","(MagneticAnchor)"
"24345474-ea49-5e24-3ec3-393da7254b94","dFQ0JEnqJF4+wzk9pyVLlA==","(MannequinProp)","(MannequinProp)"
"e469ee80-1c71-4b95-8add-9fe0cb797987","gO5p5HEclUuK3Z/gy3l5hw==","(Marker)","(Marker)"
"8cca7455-eafd-4d0a-8ed9-062908f22797","VXTKjP3qCk2O2QYpCPInlw==","(Marker_Recolorable)Variant","(Marker_Recolorable)Variant"
"a8208ab7-19b6-4e0a-9c48-e3d1d20a4bf6","t4ogqLYZCk6cSOPR0gpL9g==","(MeshPresenter)","(MeshPresenter)"
"758cde26-bfd6-43a5-9598-1791cbcd0350","Jt6Mdda/pUOVmBeRy80DUA==","(MessageOutputNodeVisualization)","(MessageOutputNodeVisualization)"
"7e4d6b6c-829b-41b6-b2d8-03f0a9538a83","bGtNfpuCtkGy2APwqVOKgw==","(MetalBarrel_Sandbox)Variant","(MetalBarrel_Sandbox)Variant"
"6138191d-2d90-4d96-b566-ab8ef50004cb","HRk4YZAtlk21ZquO9QAEyw==","(Microphone)","(Microphone)"
"959e0eb7-a3c6-4b0d-a369-089b2f04cbf2","tw6elcajDUujaQibLwTL8g==","(Microphone_Conference)","(Microphone_Conference)"
"71d94f92-037a-4a34-a3ab-eb43f65feee0","kk/ZcXoDNEqjq+tD9l/u4A==","(MoveableWhiteboard)","(MoveableWhiteboard)"
"70b31ada-94b6-4df4-99f5-5615f3382c1f","2hqzcLaU9E2Z9VYV8zgsHw==","(NavMeshBakeVolume)","(NavMeshBakeVolume)"
"8c184d0a-4684-4130-ab60-38a36bd71045","Ck0YjIRGMEGrYDija9cQRQ==","(OMCreationShapeContainer)","(OMCreationShapeContainer)"
"3563cfe2-4228-435d-b6ad-db8dc6e1254e","4s9jNShCXUO2rduNxuElTg==","(ObjectPlayerMappingNode)","(ObjectPlayerMappingNode)"
"12ecc734-0d58-4667-83ce-752234021d20","NMfsElgNZ0aDznUiNAIdIA==","(ObjectRespawnPoint)","(ObjectRespawnPoint)"
"d02383ea-abf7-454b-a344-d66acbdbb267","6oMj0PerS0WjRNZqy9uyZw==","(ObjectSetTagsNode)","(ObjectSetTagsNode)"
"b3154feb-3b75-42af-9bad-9b6b3ecdaa09","608Vs3U7r0KbrZtrPs2qCQ==","(OutputNodeVisualization)","(OutputNodeVisualization)"
"64b37b72-108c-4a84-8a0f-cbd373812a97","cnuzZIwQhEqKD8vTc4Eqlw==","(Paddleball_GameRuleWrapperCircuit)Variant","(Paddleball_GameRuleWrapperCircuit)Variant"
"31ffcc37-5844-428c-8ad4-d5fd1e51ba18","N8z/MURYjEKK1NX9HlG6GA==","(Paddleball_Paddle)","(Paddleball_Paddle)"
"15869a52-0ee8-4d25-9707-fdec54a4f553","UpqGFegOJU2XB/3sVKT1Uw==","(PaintballAssaultRifle)","(PaintballAssaultRifle)"
"90122768-3cae-47d3-ab0a-7b84b87772a6","aCcSkK4800erCnuEuHdypg==","(PaintballCaptureTheFlag_GameRuleWrapperCircuit)Variant","(PaintballCaptureTheFlag_GameRuleWrapperCircuit)Variant"
"b225dfb9-b20a-497d-8654-a4bcb8af9acd","ud8lsgqyfUmGVKS8uK+azQ==","(PaintballGrenadeLauncher)","(PaintballGrenadeLauncher)"
"5b3c93a9-9f8b-4f1c-a703-96abf274d72a","qZM8W4ufHE+nA5ar8nTXKg==","(PaintballGun)","(PaintballGun)"
"5f7f523d-fd65-438e-88ac-75ec8b5194a9","PVJ/X2X9jkOIrHXsi1GUqQ==","(PaintballGun)Confetti","(PaintballGun)Confetti"
"2102da28-e371-4348-976c-bbb315c08182","KNoCIXHjSEOXbLuzFcCBgg==","(PaintballRifleScoped)","(PaintballRifleScoped)"
"79e9a386-c61a-47e9-9d7b-4a6a0979c765","hqPpeRrG6Uede0pqCXnHZQ==","(PaintballShield)","(PaintballShield)"
"bd378711-4865-4268-89a1-b1cdef04b730","EYc3vWVIaEKJobHN7wS3MA==","(PaintballShotgun)","(PaintballShotgun)"
"730628b3-3a70-4d12-a126-34516314d2b0","sygGc3A6Ek2hJjRRYxTSsA==","(PaintballTeamBattle_GameRuleWrapperCircuit)Variant","(PaintballTeamBattle_GameRuleWrapperCircuit)Variant"
"77583323-9579-44c7-b019-3b0cae3f3cb9","IzNYd3mVx0SwGTsMrj88uQ==","(Paintball_PaintThrower)","(Paintball_PaintThrower)"
"3e930b3d-4a7c-4a21-bdc2-1976bc3fec68","PQuTPnxKIUq9whl2vD/saA==","(Paintball_SplatHammer)","(Paintball_SplatHammer)"
"30f3d9d8-8cd9-48f4-a5bb-cfe61d5053a9","2NnzMNmM9Eilu8/mHVBTqQ==","(Paintball_Target_Sandbox)Variant","(Paintball_Target_Sandbox)Variant"
"81b85068-9c4c-4122-919d-82262a354afd","aFC4gUycIkGRnYImKjVK/Q==","(ParticleEmitter_CV2)","(ParticleEmitter_CV2)"
"7c14da2a-8d25-413b-809e-4701b4b47de1","KtoUfCWNO0GAnkcBtLR94Q==","(PineTree_Dead_Sandbox)Variant","(PineTree_Dead_Sandbox)Variant"
"879d8978-8bc5-4ee8-b217-ded6e6e1f38c","eImdh8WL6E6yF97W5uHzjA==","(PingpongBall)","(PingpongBall)"
"0e0b0b80-ef55-447e-85e5-d128f4cf6b63","gAsLDlXvfkSF5dEo9M9rYw==","(Pingpong_Paddle)","(Pingpong_Paddle)"
"f8510c50-8186-4de6-86fc-bf10cd28ae98","UAxR+IaB5k2G/L8QzSiumA==","(Pipes_Bracket_Sandbox)Variant","(Pipes_Bracket_Sandbox)Variant"
"61c6a398-1bb2-442b-8408-735c2a7b2270","mKPGYbIbK0SECHNcKnsicA==","(Pipes_Curved_Sandbox)Variant","(Pipes_Curved_Sandbox)Variant"
"28c73b9d-5ce8-4b8d-b75a-37db16dfded5","nTvHKOhcjUu3WjfbFt/e1Q==","(Pipes_Straight_Long_Sandbox)Variant","(Pipes_Straight_Long_Sandbox)Variant"
"4a86a285-8237-4079-841c-bfd7db42fe11","haKGSjeCeUCEHL/X20L+EQ==","(Pipes_Straight_Sandbox)Variant","(Pipes_Straight_Sandbox)Variant"
"a3b8e0d7-17a2-44cb-bfa9-e1271500172d","1+C4o6IXy0S/qeEnFQAXLQ==","(PistonGizmo_CV2)","(PistonGizmo_CV2)"
"cb66b878-a532-4069-aa82-ffb5d30e997b","eLhmyzKlaUCqgv+10w6Zew==","(PlayerCreatedSign)","(PlayerCreatedSign)"
"9e9360de-f38c-4f6b-aafd-1036316d7928","3mCTnozza0+q/RA2MW15KA==","(PlayerEventBroadcastVolume)","(PlayerEventBroadcastVolume)"
"e4ad1ff5-5ab6-4ee9-8c65-6dbf9ad331b4","9R+t5LZa6U6MZW2/mtMxtA==","(PlayerEventNode)","(PlayerEventNode)"
"7d1495b7-fbed-4805-8741-c3f134fc790e","t5UUfe37BUiHQcPxNPx5Dg==","(PlayerHitInputNodeVisualization)","(PlayerHitInputNodeVisualization)"
"ca14bf8c-5987-442c-adc4-edb24c2f417f","jL8UyodZLEStxO2yTC9Bfw==","(PlayerRevivedInputNodeVisualization)","(PlayerRevivedInputNodeVisualization)"
"302767b4-71a1-4375-b731-e0c77f475b9c","tGcnMKFxdUO3MeDHf0dbnA==","(PlayerTeamMappingNode)","(PlayerTeamMappingNode)"
"925c5d1a-ed5d-4836-91dd-c1727c47cf89","Gl1ckl3tNkiR3cFyfEfPiQ==","(PoolCue)","(PoolCue)"
"119f2adf-d7fc-420a-8df4-08e7844b2825","3yqfEfzXCkKN9AjnhEsoJQ==","(PoolCueRack)","(PoolCueRack)"
"b431d806-f7a5-4bca-ac90-052c5d0778fc","BtgxtKX3ykuskAUsXQd4/A==","(PoolTable)","(PoolTable)"
"f59d7065-2f65-402a-b7be-f97981adab10","ZXCd9WUvKkC3vvl5ga2rEA==","(PoolTriangle)","(PoolTriangle)"
"37c3bcac-2ff7-4ce4-bf0e-68fac8c01a48","rLzDN/cv5Ey/Dmj6yMAaSA==","(ProximityMine)","(ProximityMine)"
"86cb0625-eddf-4e01-af56-e8ac50f8aa0a","JQbLht/tAU6vVuisUPiqCg==","(PunchingBag)_SpawnableTool","(PunchingBag)_SpawnableTool"
"7527da04-9caa-417a-b13c-4f49b4a4b58f","BNondaqcekGxPE9JtKS1jw==","(Pushgun)","(Pushgun)"
"19221dbc-46c1-4592-9ca1-a9c1acbc7e63","vB0iGcFGkkWcoanBrLx+Yw==","(QuestAIController)DraculaBatLunging","(QuestAIController)DraculaBatLunging"
"16c71f80-b76d-400c-9d97-6e97f97414bc","gB/HFm23DECdl26X+XQUvA==","(QuestAIController)DraculaBatRanged","(QuestAIController)DraculaBatRanged"
"031a0315-cbe1-4b08-b530-daf5cebde748","FQMaA+HLCEu1MNr1zr3nSA==","(QuestAIController)DraculaBellhop","(QuestAIController)DraculaBellhop"
"cf321f34-d1ba-475f-a069-4eae2a94e4eb","NB8yz7rRX0egaU6uKpTk6w==","(QuestAIController)DraculaBoneThrower2020","(QuestAIController)DraculaBoneThrower2020"
"8f5329b3-d324-43cb-bbf8-8537cc493970","sylTjyTTy0O7+IU3zEk5cA==","(QuestAIController)DraculaMelee","(QuestAIController)DraculaMelee"
"55f1825f-8ee8-446b-bec8-d4e1de58db20","X4LxVeiOa0S+yNTh3ljbIA==","(QuestAIController)DraculaWolfLunging2020","(QuestAIController)DraculaWolfLunging2020"
"6295afeb-3d08-452d-b8db-9ad00eed327d","66+VYgg9LUW425rQDu0yfQ==","(QuestAIController)GoblinBasicFlyingRanged","(QuestAIController)GoblinBasicFlyingRanged"
"65bfe277-46bc-4898-b87d-e55bb405dbc8","d+K/ZbxGmEi4feVbtAXbyA==","(QuestAIController)GoblinBasicGroundMelee2020","(QuestAIController)GoblinBasicGroundMelee2020"
"4e7a99ee-55b5-4404-9d4e-dc6352395bc5","7pl6TrVVBESdTtxjUjlbxQ==","(QuestAIController)GoblinBasicGroundRanged","(QuestAIController)GoblinBasicGroundRanged"
"47a526dd-5efe-4c81-94a7-bbf244864394","3SalR/5egUyUp7vyRIZDlA==","(QuestAIController)GoblinBasicMeleePike","(QuestAIController)GoblinBasicMeleePike"
"876ffe8e-62e2-4f17-8061-3c1fc4ecb9a7","jv5vh+JiF0+AYTwfxOy5pw==","(QuestAIController)GoblinEliteFlyingRanged","(QuestAIController)GoblinEliteFlyingRanged"
"dca82c2c-7d8b-4c22-8719-96b0a2571b56","LCyo3It9IkyHGZawolcbVg==","(QuestAIController)GoblinEliteGroundMelee","(QuestAIController)GoblinEliteGroundMelee"
"97f55ecb-1380-449f-ae00-af269565314b","y171l4ATn0SuAK8mlWUxSw==","(QuestAIController)GoblinKnightCharge","(QuestAIController)GoblinKnightCharge"
"fc9a22e4-dfed-4d55-9853-0fd16f716d7c","5CKa/O3fVU2YUw/Rb3FtfA==","(QuestAIController)GoblinKnightSpin","(QuestAIController)GoblinKnightSpin"
"8e582c5f-713d-4101-8eb0-ef9bec0d5605","XyxYjj1xAUGOsO+b7A1WBQ==","(QuestAIController)GoblinVolley","(QuestAIController)GoblinVolley"
"334459fb-182b-4dab-a2ec-122a33739e9f","+1lEMysYq02i7BIqM3Oenw==","(QuestAIController)PirateBottleThrowing","(QuestAIController)PirateBottleThrowing"
"77f8d080-4eb5-4d47-9ae1-0401a762d8bf","gND4d7VOR02a4QQBp2LYvw==","(QuestAIController)PirateExplosiveThrowing","(QuestAIController)PirateExplosiveThrowing"
"98cf0cb7-f507-46be-b0cc-63b1cb53e723","twzPmAf1vkawzGOxy1PnIw==","(QuestAIController)PirateFlintock2020","(QuestAIController)PirateFlintock2020"
"8b1fa394-7110-4cbe-9374-cd21e8f9674a","lKMfixBxvkyTdM0h6PlnSg==","(QuestAIController)PirateGibbet","(QuestAIController)PirateGibbet"
"2fa5f239-4c35-4a4d-b577-2dda367e24a1","OfKlLzVMTUq1dy3aNn4koQ==","(QuestAIController)PirateGroundMelee2020","(QuestAIController)PirateGroundMelee2020"
"c787f41f-4f4a-4b09-9e9d-eebb8f9e64fd","H/SHx0pPCUuene67j55k/Q==","(QuestAIController)SciFiBasicFlyingRanged2020","(QuestAIController)SciFiBasicFlyingRanged2020"
"06d7d0a4-2271-4030-84cd-b9cc70d5b08f","pNDXBnEiMECEzbnMcNWwjw==","(QuestAIController)SciFiBasicGroundRanged","(QuestAIController)SciFiBasicGroundRanged"
"a9e5d521-3fd0-4d18-b5c3-524c5aa60790","IdXlqdA/GE21w1JMWqYHkA==","(QuestAIController)SciFiEliteFlyingRanged","(QuestAIController)SciFiEliteFlyingRanged"
"508a2aee-93c6-48d2-bb88-652c3dacd4dd","7iqKUMaT0ki7iGUsPazU3Q==","(QuestAIController)SciFiEliteGroundRanged","(QuestAIController)SciFiEliteGroundRanged"
"b57c8ad3-f34d-423a-8aa1-a640840bc79d","04p8tU3zOkKKoaZAhAvHnQ==","(QuestAIController)SciFiGroundExplosive","(QuestAIController)SciFiGroundExplosive"
"078b975a-8969-4571-9855-d6e9a60164dc","WpeLB2mJcUWYVdbppgFk3A==","(QuestAIController)SciFiKnightAssassin","(QuestAIController)SciFiKnightAssassin"
"51376eb3-8869-4491-aab7-3f34c011453e","s243UWmIkUSqtz80wBFFPg==","(QuestForTheGoldenTrophy_GameRuleWrapperCircuit)Variant","(QuestForTheGoldenTrophy_GameRuleWrapperCircuit)Variant"
"def12153-1acf-492c-9b09-e8941e4827b8","UyHx3s8aLEmbCeiUHkgnuA==","(QuestMeatSword)","(QuestMeatSword)"
"d0b27700-62c7-4a84-8a13-0edcf17e7cbc","AHey0MdihEqKEw7c8X58vA==","(QuestShield)","(QuestShield)"
"b48950c0-d817-48ab-9e97-3e0987f11c02","wFCJtBfYq0ielz4Jh/EcAg==","(QuestSword)","(QuestSword)"
"6a8770b3-cd97-4145-9401-aaeffb9e5211","s3CHapfNRUGUAarv+55SEQ==","(Quest_Dracula1_1H-Crossbow)","(Quest_Dracula1_1H-Crossbow)"
"23055767-ccea-4455-8bf6-e0826068aad4","Z1cFI+rMVUSL9uCCYGiq1A==","(Quest_Dracula1_Bat_Plushy)","(Quest_Dracula1_Bat_Plushy)"
"fc7760a2-5196-4444-886f-af52d40d11d1","omB3/JZRRESIb69S1A0R0Q==","(Quest_Dracula1_BlunderBuss)","(Quest_Dracula1_BlunderBuss)"
"32eb2936-852e-448b-800d-d496d969f8a4","NinrMi6Fi0SADdSW2Wn4pA==","(Quest_Dracula1_ChestCoins_Large)","(Quest_Dracula1_ChestCoins_Large)"
"c7b605f0-d2b4-45ae-b991-cc2731afbb40","8AW2x7TSrkW5kcwnMa+7QA==","(Quest_Dracula1_ChestCoins_Medium)","(Quest_Dracula1_ChestCoins_Medium)"
"14ae3430-aa62-489e-b637-b79f2d95d8a7","MDSuFGKqnki2N7efLZXYpw==","(Quest_Dracula1_ChestCoins_Small)","(Quest_Dracula1_ChestCoins_Small)"
"2bca131c-0054-4ae5-a17b-535556c2cfb8","HBPKK1QA5Uqhe1NVVsLPuA==","(Quest_Dracula1_CoinStack_Small)","(Quest_Dracula1_CoinStack_Small)"
"12ebfc40-d2c9-4964-87fb-2a96d2e917a8","QPzrEsnSZEmH+yqW0ukXqA==","(Quest_Dracula1_CollectablePumpkin_Small)","(Quest_Dracula1_CollectablePumpkin_Small)"
"c416faab-2dc7-43e7-9154-c63d677b4202","q/oWxMct50ORVMY9Z3tCAg==","(Quest_Dracula1_Collectable_Large)","(Quest_Dracula1_Collectable_Large)"
"f20572ee-a26a-4db8-8f4c-d6e1d1842be9","7nIF8mqiuE2PTNbh0YQr6Q==","(Quest_Dracula1_Collectable_Small)","(Quest_Dracula1_Collectable_Small)"
"1678112b-b06f-484d-a5c3-f298d9b05a78","KxF4Fm+wTUilw/KY2bBaeA==","(Quest_Dracula1_Collectable_Wall)","(Quest_Dracula1_Collectable_Wall)"
"51d053e4-7c20-4da3-aae9-e94cf91d0c8d","5FPQUSB8o02q6elM+R0MjQ==","(Quest_Dracula1_Crossbow_Hunter)","(Quest_Dracula1_Crossbow_Hunter)"
"f5fe8f97-4d51-4ed2-8429-9685a9779037","l4/+9VFN0k6EKZaFqXeQNw==","(Quest_Dracula1_Flintlock)","(Quest_Dracula1_Flintlock)"
"be561c63-87c5-43b7-80d0-6365ecce7bbb","YxxWvsWHt0OA0GNl7M57uw==","(Quest_Dracula1_Hookshot_Sandbox)","(Quest_Dracula1_Hookshot_Sandbox)"
"73c875cc-ad3b-4ba3-917f-c06961f3bc07","zHXIczuto0uRf8BpYfO8Bw==","(Quest_Dracula1_MiniBossCoins_Bat)","(Quest_Dracula1_MiniBossCoins_Bat)"
"e94eefc7-4e7e-4f7e-b2d7-f3ba352837d1","x+9O6X5Ofk+y1/O6NSg30Q==","(Quest_Dracula1_MiniBossCoins_BoneMelee)","(Quest_Dracula1_MiniBossCoins_BoneMelee)"
"4c0d7b0c-8198-40cf-922c-392788a8d7ab","DHsNTJiBz0CSLDkniKjXqw==","(Quest_Dracula1_MiniBossCoins_BoneThrower)","(Quest_Dracula1_MiniBossCoins_BoneThrower)"
"55eccf96-575c-485f-8085-98ff15404ff7","ls/sVVxXX0iAhZj/FUBP9w==","(Quest_Dracula1_MiniBossCoins_Musket)","(Quest_Dracula1_MiniBossCoins_Musket)"
"1745131c-fd1c-4db0-9efc-45ee342abc87","HBNFFxz9sE2e/EXuNCq8hw==","(Quest_Dracula1_MiniBossCoins_Wolf)","(Quest_Dracula1_MiniBossCoins_Wolf)"
"91278263-6c5a-42eb-a470-9a2d32de8922","Y4InkVps60KkcJotMt6JIg==","(Quest_Dracula1_MiniBossSkeletonBone)","(Quest_Dracula1_MiniBossSkeletonBone)"
"00791e6a-11e3-442b-8127-56754ed23d8c","ah55AOMRK0SBJ1Z1TtI9jA==","(Quest_Dracula1_PitchFork)","(Quest_Dracula1_PitchFork)"
"e713f9ce-f8b1-4996-9089-a61c084a8e5c","zvkT57H4lkmQiaYcCEqOXA==","(Quest_Dracula1_Rake)","(Quest_Dracula1_Rake)"
"34bbfec0-15b4-4c7a-8f35-b14cc91f2fb8","wP67NLQVekyPNbFMyR8vuA==","(Quest_Dracula1_Shovel)","(Quest_Dracula1_Shovel)"
"862f7780-c873-44d7-a975-973657a8a14d","gHcvhnPI10SpdZc2V6ihTQ==","(Quest_Dracula1_SkeletonBone)","(Quest_Dracula1_SkeletonBone)"
"62db6e00-e52e-4d07-ae89-6f3c9b20ef51","AG7bYi7lB02uiW88myDvUQ==","(Quest_Goblin_FirePotion)","(Quest_Goblin_FirePotion)"
"4ca00357-4e86-4c59-ba81-560d36002549","VwOgTIZOWUy6gVYNNgAlSQ==","(Quest_Pirate1_BarStool)","(Quest_Pirate1_BarStool)"
"b5b2cced-3be0-495a-8e4e-705b4df582ae","7cyyteA7WkmOTnBbTfWCrg==","(Quest_Pirate1_BeerBottle)","(Quest_Pirate1_BeerBottle)"
"ef014f9c-0ee9-44ea-b737-4209cba7b108","nE8B7+kO6kS3N0IJy6exCA==","(Quest_Pirate1_BreakableFish)","(Quest_Pirate1_BreakableFish)"
"5b5f6158-c09b-4113-902c-2abcac86bd25","WGFfW5vAE0GQLCq8rIa9JQ==","(Quest_Pirate1_CoconutBomb)","(Quest_Pirate1_CoconutBomb)"
"fe1bb04d-7394-491b-b530-3adbf1d3f9b3","TbAb/pRzG0m1MDrb8dP5sw==","(Quest_Pirate1_CoinStack_Small)","(Quest_Pirate1_CoinStack_Small)"
"ba5f00cd-5084-4477-8ecb-d1e628ef0d2d","zQBfuoRQd0SOy9HmKO8NLQ==","(Quest_Pirate1_Flintlock)","(Quest_Pirate1_Flintlock)"
"9e73c6c1-96dd-44ba-b3a0-0605f91c6ffd","wcZznt2WukSzoAYF+Rxv/Q==","(Quest_Pirate1_FryingPan)","(Quest_Pirate1_FryingPan)"
"e4f54250-1701-4c52-8a6a-e306f2081727","UEL15AEXUkyKauMG8ggXJw==","(Quest_Pirate1_HookHand)","(Quest_Pirate1_HookHand)"
"764859c5-e936-43b0-a4a6-b0d9acb5f873","xVlIdjbpsEOkprDZrLX4cw==","(Quest_Pirate1_LostLoot)","(Quest_Pirate1_LostLoot)"
"4031150a-79ef-4be4-ab40-385586d82e04","ChUxQO955EurQDhVhtguBA==","(Quest_Pirate1_Mug)","(Quest_Pirate1_Mug)"
"f7f351bf-77ff-4d82-9f95-69cf66932590","v1Hz9/93gk2flWnPZpMlkA==","(Quest_Pirate1_Oar)","(Quest_Pirate1_Oar)"
"2d000b24-141a-46c3-ad0b-279a57980497","JAsALRoUw0atCyeaV5gElw==","(Quest_Pirate1_Plate)","(Quest_Pirate1_Plate)"
"65c0fddc-4a1d-4f10-9636-521d42b52bb3","3P3AZR1KEE+WNlIdQrUrsw==","(Quest_Pirate1_PushBroom)","(Quest_Pirate1_PushBroom)"
"83932f46-2f52-4e94-a25c-1cdfe371ed5b","Ri+Tg1IvlE6iXBzf43HtWw==","(Quest_Pirate1_RumJug)","(Quest_Pirate1_RumJug)"
"79c2bce6-d0a1-4411-a57a-87fa60193f14","5rzCeaHQEUSleof6YBk/FA==","(Quest_Pirate1_Standee_PhotoOp)","(Quest_Pirate1_Standee_PhotoOp)"
"99229e17-1fd3-4112-ab6e-da50d6cae6ee","F54imdMfEkGrbtpQ1srm7g==","(Quest_SciFi_AutomaticGun)","(Quest_SciFi_AutomaticGun)"
"4961d05e-75e0-4c73-b439-e74e525a9cc7","XtBhSeB1c0y0OedOUlqcxw==","(Quest_SciFi_Pistol)","(Quest_SciFi_Pistol)"
"d5615ba2-40f5-4dc1-b624-461897586f2f","olth1fVAwU22JEYYl1hvLw==","(Quest_SciFi_RailGun)","(Quest_SciFi_RailGun)"
"61f44ef3-58b0-451b-82a4-8b8701a2520e","8070YbBYG0WCpIuHAaJSDg==","(Quest_SciFi_Shotgun)","(Quest_SciFi_Shotgun)"
"dcb77c4d-67a2-4e79-8acc-49898021b347","TXy33KJneU6KzEmJgCGzRw==","(RCCarSandboxSet)","(RCCarSandboxSet)"
"933d5393-9d0f-4a63-8489-c2ae22e32d4d","k1M9kw+dY0qEicKuIuMtTQ==","(Radio)","(Radio)"
"52ee6576-1235-49b8-a552-db2774975829","dmXuUjUSuEmlUtsndJdYKQ==","(Railing_Guardrail_Auto_Sandbox)Variant","(Railing_Guardrail_Auto_Sandbox)Variant"
"afeafd22-5261-4ca6-8ffc-85da567b05fe","Iv3qr2FSpkyP/IXaVnsF/g==","(RecCenter_Cafe_CoffeePot)","(RecCenter_Cafe_CoffeePot)"
"ac75a12a-8fb9-41fa-87a1-e9c41ca71ea0","KqF1rLmP+kGHoenEHKceoA==","(RecCenter_Cafe_Mug)","(RecCenter_Cafe_Mug)"
"eb2e41fc-5c2e-47f3-9023-28db729eaf41","/EEu6y5c80eQIyjbcp6vQQ==","(RecCenter_Cafe_Plate)","(RecCenter_Cafe_Plate)"
"7e56c341-8b0a-40cf-8b96-48e6dc108704","QcNWfgqLz0CLlkjm3BCHBA==","(RecCenter_Couch_Sandbox)Variant","(RecCenter_Couch_Sandbox)Variant"
"1ab83d98-9268-417f-9edb-0daf1243e93e","mD24GmiSf0Ge2w2vEkPpPg==","(RecRoyaleSolos_GameRuleWrapperCircuit)Variant","(RecRoyaleSolos_GameRuleWrapperCircuit)Variant"
"00757f85-ca16-4077-8ae9-f72f9877748a","hX91ABbKd0CK6fcvmHd0ig==","(RecRoyaleSquads_GameRuleWrapperCircuit)Variant","(RecRoyaleSquads_GameRuleWrapperCircuit)Variant"
"183299a7-995f-4382-8dd9-602cf75672e8","p5kyGF+ZgkON2WAs91Zy6A==","(RecRoyale_Automatic_Ammo_LootTool)","(RecRoyale_Automatic_Ammo_LootTool)"
"53a0361d-7db1-4fb4-b3f7-5a9bd69479d2","HTagU7F9tE+z91qb1pR50g==","(RecRoyale_Backpack)","(RecRoyale_Backpack)"
"c2c83511-75c8-414b-83b5-91fea6ed80a4","ETXIwsh1S0GDtZH+pu2ApA==","(RecRoyale_Explosive_Ammo_LootTool)","(RecRoyale_Explosive_Ammo_LootTool)"
"c2cd070f-f722-4ce4-94a8-d595207b54a8","DwfNwiL35EyUqNWVIHtUqA==","(RecRoyale_Grenade)","(RecRoyale_Grenade)"
"630a1023-2500-43b2-ae4b-b8f6e2d6f449","IxAKYwAlskOuS7j24tb0SQ==","(RecRoyale_HealthAndShieldPotion)","(RecRoyale_HealthAndShieldPotion)"
"ffbc2d7c-fc0b-4538-adcd-b21cc047afa5","fC28/wv8OEWtzbIcwEevpQ==","(RecRoyale_HealthPotion)","(RecRoyale_HealthPotion)"
"c064bca7-119b-4d2d-9a03-53c5d5f1a82a","p7xkwJsRLU2aA1PF1fGoKg==","(RecRoyale_Pistol_Ammo_LootTool)","(RecRoyale_Pistol_Ammo_LootTool)"
"740661e0-1a8a-4c2b-9362-b8544ba65b11","4GEGdIoaK0yTYrhUS6ZbEQ==","(RecRoyale_PlayerMap)","(RecRoyale_PlayerMap)"
"46c09ce8-e694-457d-8e8e-ed28b7781231","6JzARpTmfUWOju0ot3gSMQ==","(RecRoyale_Rifle_Ammo_LootTool)","(RecRoyale_Rifle_Ammo_LootTool)"
"48e56920-95af-41f8-95be-60cd5f64b0ea","IGnlSK+V+EGVvmDNX2Sw6g==","(RecRoyale_ShieldPotion)","(RecRoyale_ShieldPotion)"
"571ee541-4756-4857-a03e-4bb4e1b38596","QeUeV1ZHV0igPku04bOFlg==","(RecRoyale_Shotgun_Ammo_LootTool)","(RecRoyale_Shotgun_Ammo_LootTool)"
"aaae12fb-887b-4399-9298-0d88b2c8dddc","+xKuqnuImUOSmA2Issjd3A==","(RespawnNodeVisualization)","(RespawnNodeVisualization)"
"29663436-25ed-4656-8560-02fd18fbe47f","NjRmKe0lVkaFYAL9GPvkfw==","(RiseOfJumbotron_GameRuleWrapperCircuit)Variant","(RiseOfJumbotron_GameRuleWrapperCircuit)Variant"
"65edaa8d-5e3b-4ee1-968a-fd10fa43a7c0","jartZTte4U6Wiv0Q+kOnwA==","(Rock_01)Variant_Sandbox)Variant","(Rock_01)Variant_Sandbox)Variant"
"d2c7064e-aa26-47b3-b03e-6f09ff30d746","TgbH0iaqs0ewPm8J/zDXRg==","(Rock_04)Variant_Sandbox)Variant","(Rock_04)Variant_Sandbox)Variant"
"508854e3-0151-4fee-82b6-5ed68eb36ef2","41SIUFEB7k+Ctl7WjrNu8g==","(Rock_Cliff)Variant_Sandbox)Variant","(Rock_Cliff)Variant_Sandbox)Variant"
"f565e761-f13b-4dfc-903a-d7b37a13a5a9","Yedl9Tvx/E2QOtezehOlqQ==","(Rock_Cone)Variant_Sandbox)Variant","(Rock_Cone)Variant_Sandbox)Variant"
"cb3abc02-1aab-4e2c-9a46-dc78bbf45265","Arw6y6saLE6aRtx4u/RSZQ==","(Rock_Plateau)Variant_Sandbox)Variant","(Rock_Plateau)Variant_Sandbox)Variant"
"f8c2b485-fae0-4e39-842e-e0d5309e93a9","hbTC+OD6OU6ELuDVMJ6TqQ==","(Rock_Stump)Variant_Sandbox)Variant","(Rock_Stump)Variant_Sandbox)Variant"
"764082a2-7175-4ed0-a7a6-dda439a56540","ooJAdnVx0E6npt2kOaVlQA==","(Rock_Tall)Variant_Sandbox)Variant","(Rock_Tall)Variant_Sandbox)Variant"
"ee3bd51f-c317-4b27-ad78-e450438fd719","H9U77hfDJ0uteORQQ4/XGQ==","(Rock_Wall)Variant_Sandbox)Variant","(Rock_Wall)Variant_Sandbox)Variant"
"4ec110cd-f748-48ea-8b28-0d1fbdddc7de","zRDBTkj36kiLKA0fvd3H3g==","(Rock_Wedge)Variant_Sandbox)Variant","(Rock_Wedge)Variant_Sandbox)Variant"
"1bc207b5-38cf-4ced-a488-a73da6f07eaf","tQfCG8847UykiKc9pvB+rw==","(Rope_Net_Sandbox)","(Rope_Net_Sandbox)"
"df4a61ec-a801-4257-9be9-92f50e213e35","7GFK3wGoV0Kb6ZL1DiE+NQ==","(RotatorGizmo_CV2)","(RotatorGizmo_CV2)"
"4152b9c5-14d1-4781-b506-3b0a92609c54","xblSQdEUgUe1BjsKkmCcVA==","(SFXNodeVisualization_CV2)","(SFXNodeVisualization_CV2)"
"49841ab9-35e4-4a64-bd05-5984a56860e1","uRqESeQ1ZEq9BVmEpWhg4Q==","(SandboxBowlingPin)","(SandboxBowlingPin)"
"4d241ee6-0cad-4119-8814-185dfe5b7438","5h4kTa0MGUGIFBhd/lt0OA==","(SandboxCollisionDetectionVolume)","(SandboxCollisionDetectionVolume)"
"95199737-9668-4551-b16a-88108a28ff55","N5cZlWiWUUWxaogQiij/VQ==","(SandboxDiceSet)","(SandboxDiceSet)"
"d14c4aa8-e232-430e-acf2-825233dc30a4","qEpM0TLiDkOs8oJSM9wwpA==","(SandboxDiceSet_V2)","(SandboxDiceSet_V2)"
"7a253867-4e59-4d20-b234-38b7ab2798bc","ZzglellOIE2yNDi3qyeYvA==","(SandboxMarkerSet)","(SandboxMarkerSet)"
"fa0cc636-01dc-4190-9bd1-3d94a4a2d04b","NsYM+twBkEGb0T2UpKLQSw==","(SandboxPlayerGoalLarge)","(SandboxPlayerGoalLarge)"
"ddfc216f-ebfd-4996-806b-da1ac58171a0","byH83f3rlkmAa9oaxYFxoA==","(SandboxToolGoalLarge)","(SandboxToolGoalLarge)"
"a9e39042-988c-49e9-aacb-5072866e923b","QpDjqYyY6Umqy1Byhm6SOw==","(SandboxToolGoalMedium)","(SandboxToolGoalMedium)"
"63cddbce-676e-4db1-afc4-ea10bcd0c04c","ztvNY25nsU2vxOoQvNDATA==","(SandboxToolGoalSmall)","(SandboxToolGoalSmall)"
"abf4766e-5aca-4481-a9d9-5b4e2ae34b95","bnb0q8pagUSp2VtOKuNLlQ==","(Sandbox_Apple_Music_Promotion_Button)","(Sandbox_Apple_Music_Promotion_Button)"
"ccb3a760-c39a-4c31-abd9-e086b283f569","YKezzJrDMUyr2eCGsoP1aQ==","(Sandbox_Audio_Sampler)","(Sandbox_Audio_Sampler)"
"1e452292-d7c5-40dc-bec0-2c7542266bde","kiJFHsXX3EC+wCx1QiZr3g==","(Sandbox_BackstopShort)","(Sandbox_BackstopShort)"
"f6448abc-3cdc-44a3-b655-3e3e1db140f7","vIpE9tw8o0S2VT4+HbFA9w==","(Sandbox_Barrel)","(Sandbox_Barrel)"
"0f612f1b-5ce7-4886-8495-e289b46c9e03","Gy9hD+dchkiEleKJtGyeAw==","(Sandbox_Bell)","(Sandbox_Bell)"
"6d829dd0-85ba-49c7-90d3-03d3571c5311","0J2CbbqFx0mQ0wPTVxxTEQ==","(Sandbox_Book_Green)","(Sandbox_Book_Green)"
"44dcf7d5-6502-48d1-b117-6f774cb66ea6","1ffcRAJl0UixF293TLZupg==","(Sandbox_Book_Yellow)","(Sandbox_Book_Yellow)"
"dd6f2632-feee-4ad2-b77a-d22d480a3474","MiZv3e7+0kq3etItSAo0dA==","(Sandbox_BoxRectangle)","(Sandbox_BoxRectangle)"
"93890e62-543e-44f5-a55e-aa009aaa9001","Yg6Jkz5U9USlXqoAmqqQAQ==","(Sandbox_BoxSquare)","(Sandbox_BoxSquare)"
"1a391387-6ce8-42dd-ac55-04be518c9f15","hxM5Guhs3UKsVQS+UYyfFQ==","(Sandbox_Button_CV2)","(Sandbox_Button_CV2)"
"904b4db8-516d-4503-ba1e-c4dd92866210","uE1LkG1RA0W6HsTdkoZiEA==","(Sandbox_Campfire)","(Sandbox_Campfire)"
"82a237bf-470c-4504-9993-47e422eb036b","vzeiggxHBEWZk0fkIusDaw==","(Sandbox_Candle)","(Sandbox_Candle)"
"a48ebfeb-193d-475d-8f55-0def393143d4","67+OpD0ZXUePVQ3vOTFD1A==","(Sandbox_Ceiling)","(Sandbox_Ceiling)"
"7125bb37-9f10-426a-b587-aa97539d55cc","N7slcRCfakK1h6qXU51VzA==","(Sandbox_CodeOfConduct_Poster)","(Sandbox_CodeOfConduct_Poster)"
"f8915858-e82f-4e71-8ab8-98e995b53561","WFiR+C/ocU6KuJjplbU1YQ==","(Sandbox_ConcreteBlock)","(Sandbox_ConcreteBlock)"
"9d52a71a-a876-43bd-94f3-072ee93cc69d","GqdSnXaovUOU8wcu6TzGnQ==","(Sandbox_Cone)","(Sandbox_Cone)"
"b6207052-335e-43c5-8477-aa4b0975832f","UnAgtl4zxUOEd6pLCXWDLw==","(Sandbox_Couch)","(Sandbox_Couch)"
"0c493827-fdde-49f2-b798-4a07e5a6e39c","JzhJDN798km3mEoH5abjnA==","(Sandbox_CouchChair)","(Sandbox_CouchChair)"
"30f52768-faf3-4b7a-aa7a-8a6a38a083c1","aCf1MPP6ekuqeopqOKCDwQ==","(Sandbox_Creator_Feedback_Buttons)","(Sandbox_Creator_Feedback_Buttons)"
"f6fa4032-e234-4db9-b99f-141823907662","MkD69jTiuU25nxQYI5B2Yg==","(Sandbox_Creator_FreeGift_Button)","(Sandbox_Creator_FreeGift_Button)"
"32390165-9279-40c1-bef2-7788e4d13978","ZQE5MnmSwUC+8neI5NE5eA==","(Sandbox_Creator_Room_Consumable_Button)","(Sandbox_Creator_Room_Consumable_Button)"
"669e9877-1c76-4797-9d31-aeb075b3d053","d5ieZnYcl0edMa6wdbPQUw==","(Sandbox_Creator_Room_Currency_Button)","(Sandbox_Creator_Room_Currency_Button)"
"804ff716-fe21-4cc3-a793-cbedb1356eec","FvdPgCH+w0ynk8vtsTVu7A==","(Sandbox_D10)","(Sandbox_D10)"
"a0e6edc4-adde-445f-a4fa-f629f4a3fe6d","xO3moN6tX0Sk+vYp9KP+bQ==","(Sandbox_D10_V2)","(Sandbox_D10_V2)"
"75f2c73d-fbbc-4f08-b469-bd4c8ca54694","Pcfydbz7CE+0ab1MjKVGlA==","(Sandbox_D12)","(Sandbox_D12)"
"45439b9c-36cb-45e1-84f2-4d8f806126be","nJtDRcs24UWE8k2PgGEmvg==","(Sandbox_D12_V2)","(Sandbox_D12_V2)"
"547979fd-e061-4ac1-b17c-ab5e3d07bf21","/Xl5VGHgwUqxfKtePQe/IQ==","(Sandbox_D20)","(Sandbox_D20)"
"f9516fc6-1f42-48ce-88d2-b425f512c465","xm9R+UIfzkiI0rQl9RLEZQ==","(Sandbox_D20_V2)","(Sandbox_D20_V2)"
"32365a1d-30ed-4bbf-aee3-71c3450a5c4b","HVo2Mu0wv0uu43HDRQpcSw==","(Sandbox_D4)","(Sandbox_D4)"
"88864a6e-a6a0-4021-89da-5adedbe3473b","bkqGiKCmIUCJ2lre2+NHOw==","(Sandbox_D4_V2)","(Sandbox_D4_V2)"
"f22df385-628f-49a3-aef7-07ccb7a7a694","hfMt8o9io0mu9wfMt6emlA==","(Sandbox_D6)","(Sandbox_D6)"
"c97d56ec-1df3-4a31-ae81-98fcc954f93b","7FZ9yfMdMUqugZj8yVT5Ow==","(Sandbox_D6_V2)","(Sandbox_D6_V2)"
"30a997b6-53b6-4813-bb53-6163dccc945a","tpepMLZTE0i7U2Fj3MyUWg==","(Sandbox_D8)","(Sandbox_D8)"
"71ce80e0-aa9e-45d7-80c5-a0da734d004d","4IDOcZ6q10WAxaDac00ATQ==","(Sandbox_D8_V2)","(Sandbox_D8_V2)"
"18b7c466-02e3-4d8a-9dd6-310eccba037f","ZsS3GOMCik2d1jEOzLoDfw==","(Sandbox_DiscGolfGoal)","(Sandbox_DiscGolfGoal)"
"080f66b4-0078-49ab-8701-2975deed5072","tGYPCHgAq0mHASl13u1Qcg==","(Sandbox_DiscoveryPopupShop_Storefront)","(Sandbox_DiscoveryPopupShop_Storefront)"
"d432088a-1a4e-4af5-99ac-d11bbb7b1d76","iggy1E4a9UqZrNEbu3sddg==","(Sandbox_Explosion_Emitter)","(Sandbox_Explosion_Emitter)"
"6a20e62f-620f-4291-8e3a-7d80b2fc5c51","L+Ygag9ikUKOOn2AsvxcUQ==","(Sandbox_FlatTreeLarge)","(Sandbox_FlatTreeLarge)"
"7992417d-fd5f-499b-8737-3aed10b70224","fUGSeV/9m0mHNzrtELcCJA==","(Sandbox_FlatTreeMedium)","(Sandbox_FlatTreeMedium)"
"01da15d0-845b-4941-8c88-a8f08b456667","0BXaAVuEQUmMiKjwi0VmZw==","(Sandbox_FlatTreeSmall)","(Sandbox_FlatTreeSmall)"
"f19da164-7913-4583-ba91-e4321c4176d1","ZKGd8RN5g0W6keQyHEF20Q==","(Sandbox_Floor)","(Sandbox_Floor)"
"769e518e-a33c-4feb-a67d-4d540430e181","jlGedjyj60+mfU1UBDDhgQ==","(Sandbox_Friendotron)","(Sandbox_Friendotron)"
"1db9b291-427a-4b5c-a5b2-ab5accdee163","kbK5HXpCXEulsqtazN7hYw==","(Sandbox_GameTable)","(Sandbox_GameTable)"
"36d8834d-6f6a-4ae0-8280-a2374dbeffa6","TYPYNmpv4EqCgKI3Tb7/pg==","(Sandbox_GameTable_Small)","(Sandbox_GameTable_Small)"
"92d7bd13-1505-4a70-8968-91f643d81c9c","E73XkgUVcEqJaJH2Q9gcnA==","(Sandbox_Glass)","(Sandbox_Glass)"
"7c6673f1-a364-468a-926a-c1ef522d5f47","8XNmfGSjikaSasHvUi1fRw==","(Sandbox_Glowstick_Blue)","(Sandbox_Glowstick_Blue)"
"db727385-1a47-401a-9dd5-aa103ae47a74","hXNy20caGkCd1aoQOuR6dA==","(Sandbox_Glowstick_Orange)","(Sandbox_Glowstick_Orange)"
"30f473ff-5b7c-47fd-b14b-ee2b4f727715","/3P0MHxb/UexS+4rT3J3FQ==","(Sandbox_Glowstick_Purple)","(Sandbox_Glowstick_Purple)"
"5370fd83-5442-49fa-8599-438baa44e8b6","g/1wU0JU+kmFmUOLqkTotg==","(Sandbox_Glowstick_Red)","(Sandbox_Glowstick_Red)"
"064374a9-a131-41d7-b44a-346314fe579b","qXRDBjGh10G0SjRjFP5Xmw==","(Sandbox_Grabber)","(Sandbox_Grabber)"
"2350fdc7-7052-4fa7-990e-14a7bee7e3a5","x/1QI1Jwp0+ZDhSnvufjpQ==","(Sandbox_GreenScreen)","(Sandbox_GreenScreen)"
"4a44e5a0-df81-47f6-aa16-8a9ca7e1d5a3","oOVESoHf9keqFoqcp+HVow==","(Sandbox_GunHandle)","(Sandbox_GunHandle)"
"8cdd848a-e3f4-4b07-99f2-c2fb88fa48a8","ioTdjPTjB0uZ8sL7iPpIqA==","(Sandbox_Ham)","(Sandbox_Ham)"
"0cf78077-5a7a-4ea1-b1c0-8d671d2a7ea9","d4D3DHpaoU6xwI1nHSp+qQ==","(Sandbox_HorizontalWall)","(Sandbox_HorizontalWall)"
"bf29c4ff-8fc2-4efd-a667-bb99aa9f4bec","/8Qpv8KP/U6mZ7uZqp9L7A==","(Sandbox_Houseplant_Dracaena)","(Sandbox_Houseplant_Dracaena)"
"94f4e57a-8217-4526-9b6d-c6fce686fc82","euX0lBeCJkWbbcb85ob8gg==","(Sandbox_Houseplant_Fig)","(Sandbox_Houseplant_Fig)"
"f5c4aa89-600b-400c-a915-e379329d2cde","iarE9QtgDECpFeN5Mp0s3g==","(Sandbox_Houseplant_SnakePlant)","(Sandbox_Houseplant_SnakePlant)"
"e67a9883-6279-4967-baa8-1d23ad0fb570","g5h65nliZ0m6qB0jrQ+1cA==","(Sandbox_JackOLantern)","(Sandbox_JackOLantern)"
"d8134a85-66ed-4a40-b185-5421e08d4785","hUoT2O1mQEqxhVQh4I1HhQ==","(Sandbox_Laser_Pointer)","(Sandbox_Laser_Pointer)"
"7ef046b3-b6ca-4ca3-b7eb-60e1ae811680","s0bwfsq2o0y362DhroEWgA==","(Sandbox_Link_Button)","(Sandbox_Link_Button)"
"488b0442-c1b0-4941-a4cf-fb94efc57bc9","QgSLSLDBQUmkz/uU78V7yQ==","(Sandbox_Lockers)","(Sandbox_Lockers)"
"2f227352-b8c3-46c0-bda5-625e5bf80400","UnMiL8O4wEa9pWJeW/gEAA==","(Sandbox_LogBench)","(Sandbox_LogBench)"
"4c4e7393-0aa2-4cb1-a46a-3573a6a8cfd1","k3NOTKIKsUykajVzpqjP0Q==","(Sandbox_MagicDoor)","(Sandbox_MagicDoor)"
"93d51965-309b-47b4-94c3-48c6985c61bc","ZRnVk5swtEeUw0jGmFxhvA==","(Sandbox_Meeple)","(Sandbox_Meeple)"
"dd3a6b80-6788-4bb0-a85a-9dddffaf61ed","gGs63YhnsEuoWp3d/69h7Q==","(Sandbox_Microphone_Stand)","(Sandbox_Microphone_Stand)"
"24669405-5f48-4bfb-83b4-57317e9dfdf7","BZRmJEhf+0uDtFcxfp399w==","(Sandbox_Minifridge)","(Sandbox_Minifridge)"
"701638be-7611-4b97-95be-b469d7cb8edc","vjgWcBF2l0uVvrRp18uO3A==","(Sandbox_Mirror)","(Sandbox_Mirror)"
"f80d07c0-f3cd-49bf-aa8a-1e1469d91fa7","wAcN+M3zv0mqih4Uadkfpw==","(Sandbox_MocktailMixer)","(Sandbox_MocktailMixer)"
"1cafa273-3135-4131-9a2d-95ecd97bc7a2","c6KvHDUxMUGaLZXs2XvHog==","(Sandbox_Mocktail_Goblet)","(Sandbox_Mocktail_Goblet)"
"ab4b66f2-ba31-4293-8183-46b8107aa9e5","8mZLqzG6k0KBg0a4EHqp5Q==","(Sandbox_Mocktail_Margarita)","(Sandbox_Mocktail_Margarita)"
"b513a6d0-857e-4def-8fc4-699fbf3afd70","0KYTtX6F702PxGmfvzr9cA==","(Sandbox_Mocktail_Milkshake)","(Sandbox_Mocktail_Milkshake)"
"bfcc198b-6ca3-43a3-81d6-c26918110052","ixnMv6Nso0OB1sJpGBEAUg==","(Sandbox_Mocktail_Stemless)","(Sandbox_Mocktail_Stemless)"
"343101eb-f0af-4cee-a93c-3e19ad8a2eec","6wExNK/w7kypPD4ZrYou7A==","(Sandbox_Mocktail_Tall)","(Sandbox_Mocktail_Tall)"
"378a8ea0-0cf3-4a02-8451-97c7e2d3bcda","oI6KN/MMAkqEUZfH4tO82g==","(Sandbox_MuteGesture_Poster)","(Sandbox_MuteGesture_Poster)"
"c5ca783a-c19c-4790-a8ef-67936e203c21","OnjKxZzBkEeo72eTbiA8IQ==","(Sandbox_Paintbrush)","(Sandbox_Paintbrush)"
"095436fc-84cf-4745-a227-d30143bc3170","/DZUCc+ERUeiJ9MBQ7wxcA==","(Sandbox_PokerChair)","(Sandbox_PokerChair)"
"9539a192-67e8-e045-b1f6-72ae7e637c71","kqE5lehnReCx9nKufmN8cQ==","(Sandbox_PopUpShop_10_Storefront)","(Sandbox_PopUpShop_10_Storefront)"
"8df39840-5ce4-40ed-aec8-258d839dc2f7","QJjzjeRc7UCuyCWNg53C9w==","(Sandbox_PopUpShop_1_Storefront)","(Sandbox_PopUpShop_1_Storefront)"
"e4c82b97-d5b6-40da-a608-15576e1dc687","lyvI5LbV2kCmCBVXbh3Ghw==","(Sandbox_PopUpShop_2_Storefront)","(Sandbox_PopUpShop_2_Storefront)"
"1072647e-434b-443a-8d81-b8a84108dd2f","fmRyEEtDOkSNgbioQQjdLw==","(Sandbox_PopUpShop_3_Storefront)","(Sandbox_PopUpShop_3_Storefront)"
"eb3c2b1e-e850-40a5-9c59-9e8e887bfc53","His861DopUCcWZ6OiHv8Uw==","(Sandbox_PopUpShop_4_Storefront)","(Sandbox_PopUpShop_4_Storefront)"
"31a9437e-e028-48b9-b047-5b6ed9040339","fkOpMSjguUiwR1tu2QQDOQ==","(Sandbox_PopUpShop_5_Storefront)","(Sandbox_PopUpShop_5_Storefront)"
"206565db-5077-7e45-b95f-b5c19bdba274","22VlIHdQRX65X7XBm9uidA==","(Sandbox_PopUpShop_6_Storefront)","(Sandbox_PopUpShop_6_Storefront)"
"764611fb-5e6f-5846-be66-d7185add0d57","+xFGdm9eRli+ZtcYWt0NVw==","(Sandbox_PopUpShop_7_Storefront)","(Sandbox_PopUpShop_7_Storefront)"
"6be85fe5-e861-ff46-9379-8dfedc077d8c","5V/oa2HoRv+TeY3+3Ad9jA==","(Sandbox_PopUpShop_8_Storefront)","(Sandbox_PopUpShop_8_Storefront)"
"b4a86814-d3f1-8940-a31c-acac5386a911","FGiotPHTQImjHKysU4apEQ==","(Sandbox_PopUpShop_9_Storefront)","(Sandbox_PopUpShop_9_Storefront)"
"744766a2-b6d6-45e9-bc39-6c52e7390cd9","omZHdNa26UW8OWxS5zkM2Q==","(Sandbox_PopUpShop_ProgressionEvent_1_Storefront)","(Sandbox_PopUpShop_ProgressionEvent_1_Storefront)"
"f21868a8-908f-4a16-9175-3a3bf75f8aa0","qGgY8o+QFkqRdTo791+KoA==","(Sandbox_PopUpShop_ProgressionEvent_2_Storefront)","(Sandbox_PopUpShop_ProgressionEvent_2_Storefront)"
"9e59e44b-7d4b-4162-9cfb-cb0753b43b6b","S+RZnkt9YkGc+8sHU7Q7aw==","(Sandbox_PopUpShop_ProgressionEvent_3_Storefront)","(Sandbox_PopUpShop_ProgressionEvent_3_Storefront)"
"d79705b8-16d2-4d1a-a184-6e011c1ac2da","uAWX19IWGk2hhG4BHBrC2g==","(Sandbox_PopUpShop_ProgressionEvent_4_Storefront)","(Sandbox_PopUpShop_ProgressionEvent_4_Storefront)"
"4cc4e34f-f209-4cf5-9add-7fa28ac71737","T+PETAny9Uya3X+iiscXNw==","(Sandbox_PopUpShop_ProgressionEvent_5_Storefront)","(Sandbox_PopUpShop_ProgressionEvent_5_Storefront)"
"ee86bba1-9a9e-4003-8029-962fe834f1d3","obuG7p6aA0CAKZYv6DTx0w==","(Sandbox_Projectile_Launcher)","(Sandbox_Projectile_Launcher)"
"8a0e9986-02a7-4b83-be89-d3318f865c23","hpkOiqcCg0u+idMxj4ZcIw==","(Sandbox_Remote_Video_Player)","(Sandbox_Remote_Video_Player)"
"bf8d1192-5899-4d60-ba49-7c91e14ffb00","khGNv5lYYE26SXyR4U/7AA==","(Sandbox_RoomDoor)","(Sandbox_RoomDoor)"
"1d887c98-4be6-4e83-8cdc-66fc45eed06c","mHyIHeZLg06M3Gb8Re7QbA==","(Sandbox_RoomDoorV2)","(Sandbox_RoomDoorV2)"
"83aebbae-27d6-450d-b1eb-ce54885e2e1b","rruug9YnDUWx685UiF4uGw==","(Sandbox_Room_Boost_Button)","(Sandbox_Room_Boost_Button)"
"4667fda4-abc7-4058-be27-eb43b4a0cd21","pP1nRserWEC+J+tDtKDNIQ==","(Sandbox_RootBeerBottle)","(Sandbox_RootBeerBottle)"
"e8a1dc7a-235f-4c0c-a5b5-85732dfbe225","etyh6F8jDEyltYVzLfviJQ==","(Sandbox_SMores)","(Sandbox_SMores)"
"809d4fda-e9da-49b5-b762-7f0b8a2ad03a","2k+dgNrptUm3Yn8LiirQOg==","(Sandbox_Seat)","(Sandbox_Seat)"
"f16cac0c-585a-4ed9-a9a0-896f59186645","DKxs8VpY2U6poIlvWRhmRQ==","(Sandbox_ShakeHands_Poster)","(Sandbox_ShakeHands_Poster)"
"01bf1d1c-1841-4c47-913f-11be16c2f150","HB2/AUEYR0yRPxG+FsLxUA==","(Sandbox_Shelves_Short)","(Sandbox_Shelves_Short)"
"b96adfa4-84ad-4f26-90af-fc0cfdc29a3c","pN9qua2EJk+Qr/wM/cKaPA==","(Sandbox_Shelves_Tall)","(Sandbox_Shelves_Tall)"
"745c0c7c-da97-4813-a53f-ae682f0d22fe","fAxcdJfaE0ilP65oLw0i/g==","(Sandbox_Showcase_Poster)","(Sandbox_Showcase_Poster)"
"f36ced43-c27e-4938-a351-b5a89304749c","Q+1s837COEmjUbWokwR0nA==","(Sandbox_SittingLog)","(Sandbox_SittingLog)"
"d91d394c-320a-47fe-8905-387ab4ec31be","TDkd2Qoy/keJBTh6tOwxvg==","(Sandbox_Snowball)","(Sandbox_Snowball)"
"bf726368-16ae-45a8-85fc-18adcb5aee5d","aGNyv64WqEWF/Bity1ruXQ==","(Sandbox_SnowballPile)","(Sandbox_SnowballPile)"
"3b5131af-0969-4ecf-942a-52633c1f8c43","rzFRO2kJz06UKlJjPB+MQw==","(Sandbox_Speaker)","(Sandbox_Speaker)"
"cacf9030-e908-40f0-9a77-6bcd3c01aa26","MJDPygjp8ECad2vNPAGqJg==","(Sandbox_SteeringEngine)","(Sandbox_SteeringEngine)"
"9746b11a-6bd1-4130-869f-7ce4e4d36cea","GrFGl9FrMEGGn3zk5NNs6g==","(Sandbox_StonePillar)","(Sandbox_StonePillar)"
"f09138c4-0a8d-4861-918d-e5b533b36c16","xDiR8I0KYUiRjeW1M7NsFg==","(Sandbox_Stool)","(Sandbox_Stool)"
"05ac5973-6ac1-4260-a6b0-282efe5226b1","c1msBcFqYEKmsCgu/lImsQ==","(Sandbox_StreamingCameraPoint)","(Sandbox_StreamingCameraPoint)"
"165bcc32-0421-4b1f-b2ad-84651ad3c9a0","MsxbFiEEH0uyrYRlGtPJoA==","(Sandbox_SwingHandle)","(Sandbox_SwingHandle)"
"6e5a81bb-d15c-45f3-8dae-6eb19bba0ed8","u4FablzR80WNrm6xm7oO2A==","(Sandbox_Table_Coffee_Large)","(Sandbox_Table_Coffee_Large)"
"bee0ef7c-07e5-45c6-853a-9519191ad51a","fO/gvuUHxkWFOpUZGRrVGg==","(Sandbox_Table_Meeting)","(Sandbox_Table_Meeting)"
"2bd035a2-95bc-40be-9554-b6cc843a9c2d","ojXQK7yVvkCVVLbMhDqcLQ==","(Sandbox_Table_PingPong)","(Sandbox_Table_PingPong)"
"21c19033-91e9-44a2-8e8e-371a0f7a3834","M5DBIemRokSOjjcaD3o4NA==","(Sandbox_Table_Short)","(Sandbox_Table_Short)"
"76b7b820-462e-4c64-bae7-ebb364802118","ILi3di5GZEy65+uzZIAhGA==","(Sandbox_Table_Tall)","(Sandbox_Table_Tall)"
"3741972b-7d8c-47c5-a61e-5b1276b4a047","K5dBN4x9xUemHlsSdrSgRw==","(Sandbox_Text_2D)","(Sandbox_Text_2D)"
"b69202af-60bb-4ec3-aa5b-9fd05d830329","rwKStrtgw06qW5/QXYMDKQ==","(Sandbox_Text_CV2)","(Sandbox_Text_CV2)"
"6816d4d3-06da-4094-bbc4-d6efff6453a0","09QWaNoGlEC7xNbv/2RToA==","(Sandbox_Text_V3)","(Sandbox_Text_V3)"
"fba04bbe-4f78-4ca7-993e-0a13a36a6f6e","vkug+3hPp0yZPgoTo2pvbg==","(Sandbox_ThrowHandle)","(Sandbox_ThrowHandle)"
"aeca8c81-3610-4fe0-8a2c-e476644d0a1d","gYzKrhA24E+KLOR2ZE0KHQ==","(Sandbox_Toggle_Button_CV2)","(Sandbox_Toggle_Button_CV2)"
"a04e0a5a-6e56-464f-9fdc-24a6a09a9f00","WgpOoFZuT0af3CSmoJqfAA==","(Sandbox_TriggerHandle)","(Sandbox_TriggerHandle)"
"c7a2c708-dc75-44c7-9e3e-8b8e96d6f016","CMeix3Xcx0SePouOltbwFg==","(Sandbox_VerticalWall)","(Sandbox_VerticalWall)"
"274bfd7f-a3b1-49f6-9c5e-b88affd478dd","f/1LJ7Gj9kmcXriK/9R43Q==","(Sandbox_Wall)","(Sandbox_Wall)"
"8a7242c9-a375-4d19-9dbf-95c44d5c730e","yUJyinWjGU2dv5XETVxzDg==","(Sandbox_Wall_Window)","(Sandbox_Wall_Window)"
"0333a4d8-2f7b-42d1-a9a9-b18f6bfd55ab","2KQzA3sv0UKpqbGPa/1Vqw==","(Scaffolding_Shiny_Block_Sandbox)","(Scaffolding_Shiny_Block_Sandbox)"
"52103785-6045-492b-afb9-a6ce5ef5329a","hTcQUkVgK0mvuabOXvUymg==","(Scaffolding_Shiny_Sandbox)","(Scaffolding_Shiny_Sandbox)"
"c4591376-8333-4f99-90ea-2ae304fa1626","dhNZxDODmU+Q6irjBPoWJg==","(SciFatPot)","(SciFatPot)"
"6b48fc15-70c8-4a55-bad3-5818858fac0b","FfxIa8hwVUq601gYhY+sCw==","(SciFi_Grenade)","(SciFi_Grenade)"
"34222747-36c7-4a09-a1c7-095e8cba1901","RyciNMc2CUqhxwlejLoZAQ==","(ScoreboardProjector)","(ScoreboardProjector)"
"821c49de-f4c2-4a67-83da-0ebc09466d18","3kkcgsL0Z0qD2g68CUZtGA==","(ScoreboardSetupNode)","(ScoreboardSetupNode)"
"34a73002-b093-4536-a390-32397b09ac72","AjCnNJOwNkWjkDI5ewmscg==","(SelectorNodeVisualization)","(SelectorNodeVisualization)"
"85b3edad-b357-4173-8245-5d47916aad77","re2zhVezc0GCRV1HkWqtdw==","(SetLeaderboardStatNode)","(SetLeaderboardStatNode)"
"a7529b24-777a-44aa-a6bc-ad7ab31f4452","JJtSp3p3qkSmvK16sx9EUg==","(SetPlayerStatNode)","(SetPlayerStatNode)"
"1321c81b-2a8f-4c4a-bc15-c51eaa2008bb","G8ghE48qSky8FcUeqiAIuw==","(Sign_Diner_Sandbox)Variant","(Sign_Diner_Sandbox)Variant"
"fb74a52a-f529-4852-bfb2-41d5b8e3ef8f","KqV0+yn1Uki/skHVuOPvjw==","(Sign_DriveIn_Sandbox)Variant","(Sign_DriveIn_Sandbox)Variant"
"ee988aa0-23d1-4366-a955-45f5d80d301f","oIqY7tEjZkOpVUX12A0wHw==","(Sign_Drivein_Redbase_Sandbox)Variant","(Sign_Drivein_Redbase_Sandbox)Variant"
"a665d494-aeef-45fe-9a20-e0163fe494d9","lNRlpu+u/kWaIOAWP+SU2Q==","(Sign_FrankiesFuel_Sandbox)Variant","(Sign_FrankiesFuel_Sandbox)Variant"
"6941b33d-08a5-4b4a-b316-e372405e6a3a","PbNBaaUISkuzFuNyQF5qOg==","(SmartProtractor)","(SmartProtractor)"
"233d0011-8504-406f-9edb-b948f583010a","EQA9IwSFb0Ce27lI9YMBCg==","(SmartRuler)","(SmartRuler)"
"aed59e19-6e41-45e6-ac9e-4c6b5c7ca9d9","GZ7VrkFu5kWsnkxrXHyp2Q==","(SoccerBall)","(SoccerBall)"
"78bc62a1-d1ba-4126-aaee-41781102ff76","oWK8eLrRJkGq7kF4EQL/dg==","(SoccerShield)","(SoccerShield)"
"3211acde-ce12-4024-be3e-4787d599e953","3qwRMhLOJEC+PkeH1ZnpUw==","(Soccer_GameRuleWrapperCircuit)Variant","(Soccer_GameRuleWrapperCircuit)Variant"
"667fbd26-ba77-4775-91d0-6e81c056193b","Jr1/Zne6dUeR0G6BwFYZOw==","(SoloCup)","(SoloCup)"
"4d78eb8a-719b-45d1-aaeb-6616d19aa45a","iut4TZtx0UWq62YW0ZqkWg==","(SpawnPointV2)","(SpawnPointV2)"
"1ef1371c-f993-45c4-b22d-0602c1c46ca0","HDfxHpP5xEWyLQYCwcRsoA==","(Speaker_Concert_Sandbox)","(Speaker_Concert_Sandbox)"
"e98cf756-8490-4fd4-a0df-becf2f6b2227","VveM6ZCE1E+g377PL2siJw==","(Speaker_DesktopSharing)","(Speaker_DesktopSharing)"
"05dd075e-8f49-4f1d-a569-d82963a48986","XgfdBUmPHU+ladgpY6SJhg==","(Speaker_DriveIn_Sandbox)Variant","(Speaker_DriveIn_Sandbox)Variant"
"9904903d-a87b-44f7-bee2-4a8e65261e4a","PZAEmXuo90S+4kqOZSYeSg==","(SpringBoard_2x2_Sandbox)","(SpringBoard_2x2_Sandbox)"
"2946bd3f-e51c-416d-aa19-8370a7dd68a8","P71GKRzlbUGqGYNwp91oqA==","(StNMonsterCostumeDummy)","(StNMonsterCostumeDummy)"
"a576d1de-0974-4753-bd48-38196368a05e","3tF2pXQJU0e9SDgZY2igXg==","(StackableBlock)","(StackableBlock)"
"f4d8292f-0410-462f-9aa8-d24f76d87154","LynY9BAEL0aaqNJPdthxVA==","(StageLight_Can_Sandbox)","(StageLight_Can_Sandbox)"
"be21bd18-d4d1-4266-8f72-e8ab4df0b236","GL0hvtHUZkKPcuirTfCyNg==","(Standee_Bear01)","(Standee_Bear01)"
"bda56efc-43c9-48ba-99c0-a3b628f844e2","/G6lvclDukiZwKO2KPhE4g==","(Standee_Female01)","(Standee_Female01)"
"54dda493-f7ca-4af9-b94e-45920c80f38d","k6TdVMr3+Uq5TkWSDIDzjQ==","(Standee_Female02)","(Standee_Female02)"
"071ab79d-262e-43ef-96ed-220fadbebe26","nbcaBy4m70OW7SIPrb6+Jg==","(Standee_Female03)","(Standee_Female03)"
"a26723ce-d953-4185-a7c9-4bf7bfd78d7c","ziNnolPZhUGnyUv3v9eNfA==","(Standee_Male01)","(Standee_Male01)"
"dedf8904-5d01-40b9-88c2-2e4d830b8fc1","BInf3gFduUCIwi5NgwuPwQ==","(Standee_Skeleton01)","(Standee_Skeleton01)"
"fcedc35d-66ca-4910-b58c-2d21aedd8a64","XcPt/MpmEEm1jC0hrt2KZA==","(Standee_Skeleton02)","(Standee_Skeleton02)"
"fe612d35-823c-4845-acca-cad7e8fbbb6f","NS1h/jyCRUisysrX6Pu7bw==","(Standee_Skeleton_Drummer)","(Standee_Skeleton_Drummer)"
"6b2e9922-8dda-492c-901e-f7c2445dbb76","Ipkua9qNLEmQHvfCRF27dg==","(Standee_Skeleton_Fiddle)","(Standee_Skeleton_Fiddle)"
"152a9d73-d2c9-4c46-bcb7-e9168be4f53d","c50qFcnSRky8t+kWi+T1PQ==","(Standee_Skeleton_Squeezebox)","(Standee_Skeleton_Squeezebox)"
"65b24984-5a97-49de-b2ed-6a90e336cebe","hEmyZZda3kmy7WqQ4zbOvg==","(StartingGate_Sandbox_Invention)Variant","(StartingGate_Sandbox_Invention)Variant"
"c4e8ff48-7eeb-45f2-bd49-9f81dbe4a7bb","SP/oxOt+8kW9SZ+B2+Snuw==","(StateMachineNodeVisualization)","(StateMachineNodeVisualization)"
"23ce4158-fd12-432c-8fb6-a618b3d0671e","WEHOIxL9LEOPtqYYs9BnHg==","(StateMachineState)","(StateMachineState)"
"9c0d05da-1e1c-4bc0-8f07-16f611b7aebe","2gUNnBwewEuPBxb2Ebeuvg==","(StickyNote)","(StickyNote)"
"68915c12-0fcf-4d11-bd6f-6f8dcf9a9229","ElyRaM8PEU29b2+Nz5qSKQ==","(StickyPoster)","(StickyPoster)"
"d51c5e09-ab71-4b9c-ab86-99ec219be780","CV4c1XGrnEurhpnsIZvngA==","(Stool_Wood_Round_Sandbox)Variant","(Stool_Wood_Round_Sandbox)Variant"
"581377eb-74db-419f-86e7-acb4420de83d","63cTWNt0n0GG56y0Qg3oPQ==","(StuntRunnerJumbotron_Makerpen)","(StuntRunnerJumbotron_Makerpen)"
"7ebc9ebf-b330-4ca1-a0d5-c82a6f104443","v568fjCzoUyg1cgqbxBEQw==","(StuntRunner_Ceiling)","(StuntRunner_Ceiling)"
"03077251-f8ad-4874-9eb5-117209000a57","UXIHA634dEietRFyCQAKVw==","(StuntRunner_Floor)","(StuntRunner_Floor)"
"926d2728-0f47-4af3-b05f-72b2707a04d1","KCdtkkcP80qwX3KycHoE0Q==","(StuntRunner_GameRuleWrapperCircuit)Variant","(StuntRunner_GameRuleWrapperCircuit)Variant"
"6223bb7f-dffb-4373-920d-666608be944d","f7sjYvvfc0OSDWZmCL6UTQ==","(StuntRunner_Wall_Long)","(StuntRunner_Wall_Long)"
"41a5b572-97b3-4719-9a5c-ad670e84880f","crWlQbOXGUeaXK1nDoSIDw==","(StuntRunner_Wall_Short)","(StuntRunner_Wall_Short)"
"c3ed9841-1b4a-40a6-b266-5dbcfd7f2865","QZjtw0obpkCyZl28/X8oZQ==","(Stuntrunner_Pickup_Sandbox)","(Stuntrunner_Pickup_Sandbox)"
"d53bb133-92d3-48f8-8f10-ed273a174a60","M7E71dOS+EiPEO0nOhdKYA==","(Table_Cafe_Recolorable_Sandbox)Variant","(Table_Cafe_Recolorable_Sandbox)Variant"
"2d4b6546-99e9-4536-b17e-a032baf9af2a","RmVLLemZNkWxfqAyuvmvKg==","(Table_Cafe_Short_Sandbox)Variant","(Table_Cafe_Short_Sandbox)Variant"
"3b6bd568-22d8-4a3d-a6a0-7a6eb103b1fe","aNVrO9giPUqmoHpusQOx/g==","(Table_Cafe_Tall_Sandbox)Variant","(Table_Cafe_Tall_Sandbox)Variant"
"1cf186b4-f604-4ab6-9e78-2b0e67637b5c","tIbxHAT2tkqeeCsOZ2N7XA==","(Table_Coffee_Curvy_Sandbox)Variant","(Table_Coffee_Curvy_Sandbox)Variant"
"b1982a00-40be-4c69-a74a-f9d2657993f9","ACqYsb5AaUynSvnSZXmT+Q==","(Table_Diner_Sandbox)Variant","(Table_Diner_Sandbox)Variant"
"6a027f4c-17ee-4b3c-b722-edd7bc837d51","TH8Cau4XPEu3Iu3XvIN9UQ==","(Table_Picnic_Sandbox)Variant","(Table_Picnic_Sandbox)Variant"
"9d44ca23-a451-4c1f-a5b7-f7b030eb21fa","I8pEnVGkH0ylt/ewMOsh+g==","(TennisBall)","(TennisBall)"
"d9603f28-b80b-4c8d-b2c4-7e91900edd70","KD9g2Qu4jUyyxH6RkA7dcA==","(Terrain_Generator)","(Terrain_Generator)"
"98e04718-6579-45db-be54-eac4287a4e50","GEfgmHll20W+VOrEKHpOUA==","(TextScreen)","(TextScreen)"
"67ea4901-2f5c-41dd-b230-94741df82e74","AUnqZ1wv3UGyMJR0HfgudA==","(TextScreenScroll)","(TextScreenScroll)"
"29a419ca-eb43-42bb-92f1-54e516a6bd89","yhmkKUPru0KS8VTlFqa9iQ==","(Textured_Quad)","(Textured_Quad)"
"9a3338a1-6245-4962-9773-747a347a90b8","oTgzmkViYkmXc3R6NHqQuA==","(TimerNodeVisualization)","(TimerNodeVisualization)"
"88cda29b-b55d-4fbf-8f3f-4336d84bf837","m6LNiF21v0+PP0M22Ev4Nw==","(Tire_Car_Sandbox)Variant","(Tire_Car_Sandbox)Variant"
"e6c0fb15-1589-4710-a7e2-b361298aa812","FfvA5okVEEen4rNhKYqoEg==","(TouchpadComponent)","(TouchpadComponent)"
"b78f7137-b45f-4ed0-afcd-60b31c752026","N3GPt1+00E6vzWCzHHUgJg==","(Tractor_Tire_Sandbox)Variant","(Tractor_Tire_Sandbox)Variant"
"b3edf28e-fb59-4d0e-a2e9-23c3e5192105","jvLts1n7Dk2i6SPD5RkhBQ==","(TrashBin_Sandbox)Variant","(TrashBin_Sandbox)Variant"
"2622af1c-0b33-42a4-bb55-f1bae6de8704","HK8iJjMLpEK7VfG65t6HBA==","(TrashCan_Metal_Sandbox)Variant","(TrashCan_Metal_Sandbox)Variant"
"0b16a719-147c-43fa-a3a7-3de0a52577bb","GacWC3wU+kOjpz3gpSV3uw==","(TrashCan_Office)SandboxVariant","(TrashCan_Office)SandboxVariant"
"031f8f15-827c-4857-8de7-8924f5e90b07","FY8fA3yCV0iN54kk9ekLBw==","(Tree_Stump_Sandbox)Variant","(Tree_Stump_Sandbox)Variant"
"d363bd83-fd55-4370-bae0-98a3d86bfa74","g71j01X9cEO64Jij2Gv6dA==","(TriggerVolume_CV2)","(TriggerVolume_CV2)"
"b63e49db-eada-4ede-aecd-2767dd29fe43","20k+ttrq3k6uzSdn3Sn+Qw==","(Trophy_Clapperboard)","(Trophy_Clapperboard)"
"6945ccde-fc6e-4972-bbef-8a388ebb8264","3sxFaW78ckm774o4jruCZA==","(Trophy_CostumeDummy)","(Trophy_CostumeDummy)"
"36e5ddf3-95e0-48bf-9a16-32206387070c","893lNuCVv0iaFjIgY4cHDA==","(Trophy_CostumeDummy)Bronze","(Trophy_CostumeDummy)Bronze"
"b5f8b566-982c-4ecb-8f02-e2edffc67be5","ZrX4tSyYy06PAuLt/8Z75Q==","(Trophy_CostumeDummy)Silver","(Trophy_CostumeDummy)Silver"
"f1d3195a-1101-44ec-94bb-10cb0d8ce29a","WhnT8QER7ESUuxDLDYzimg==","(Trophy_DevMod)","(Trophy_DevMod)"
"461b01e0-8ff3-4048-a227-b81bdea62582","4AEbRvOPSECiJ7gb3qYlgg==","(Trophy_MakerPen)","(Trophy_MakerPen)"
"550292c4-9877-4de0-8a5c-f4f7a2798daa","xJICVXeY4E2KXPT3onmNqg==","(Trophy_MakerPen)Bronze","(Trophy_MakerPen)Bronze"
"69d99ded-4260-408b-b22e-ee62cc6c9dc8","7Z3ZaWBCi0CyLu5izGydyA==","(Trophy_MakerPen)Silver","(Trophy_MakerPen)Silver"
"6e842efd-2d3e-41dc-8780-afe9d6e7a9f6","/S6Ebj4t3EGHgK/p1uep9g==","(Trophy_Moderator)","(Trophy_Moderator)"
"d09aa520-9644-4f20-ab3f-00d51de28f66","IKWa0ESWIE+rPwDVHeKPZg==","(Trophy_Moderator)Bronze","(Trophy_Moderator)Bronze"
"7ecb9a0b-818c-4769-8aed-5105204167ce","C5rLfoyBaUeK7VEFIEFnzg==","(Trophy_Moderator)Silver","(Trophy_Moderator)Silver"
"adb9c4e0-565d-41ab-89b3-8becb0e1e20c","4MS5rV1Wq0GJs4vssOHiDA==","(Trophy_Oscar)","(Trophy_Oscar)"
"48507a48-81f7-4b21-aabf-10ee62e2ff91","SHpQSPeBIUuqvxDuYuL/kQ==","(Truck_Sandbox)Variant","(Truck_Sandbox)Variant"
"6057094c-acc8-4590-aba0-047e60b833f9","TAlXYMiskEWroAR+YLgz+Q==","(UGCAIPathPoint)","(UGCAIPathPoint)"
"e940e2d6-8b27-4f10-ab8c-15e4c1e4523d","1uJA6SeLEE+rjBXkweRSPQ==","(UGCAiMoveOrder)","(UGCAiMoveOrder)"
"4cac885b-3e4e-4423-851c-fcb28d724592","W4isTE4+I0SFHPyyjXJFkg==","(UGCArea)","(UGCArea)"
"a901e043-df41-434b-a4e6-943d338faeac","Q+ABqUHfS0Ok5pQ9M4+urA==","(UGCReplicator)","(UGCReplicator)"
"48953977-55f6-4635-a79d-1395eb861975","dzmVSPZVNUannROV64YZdQ==","(UGCSpawner)","(UGCSpawner)"
"029eacd4-004c-4a4f-9a1a-5ed68fe9e8bd","1KyeAkwAT0qaGl7Wj+novQ==","(UGCSpawnerV2)","(UGCSpawnerV2)"
"bd48baeb-a995-4059-b8ad-7216113dc116","67pIvZWpWUC4rXIWET3BFg==","(UGC_R2Storefront)","(UGC_R2Storefront)"
"f053fdf2-a733-4a8d-be8d-d7216e938cc3","8v1T8DOnjUq+jdchbpOMww==","(UGC_RecRally_Pickup_Sandbox)","(UGC_RecRally_Pickup_Sandbox)"
"7325679c-e0b0-4b58-ab09-24df0b0ef251","nGclc7DgWEurCSTfCw7yUQ==","(UGC_Storefront)","(UGC_Storefront)"
"2fccf286-2134-4dab-a2a6-49d892777a89","hvLMLzQhq02ipknYknd6iQ==","(Umbrella_Table_Sandbox)Variant","(Umbrella_Table_Sandbox)Variant"
"0fe52676-dcee-476e-8c35-45a5dd09a505","diblD+7cbkeMNUWl3QmlBQ==","(UnitCube)","(UnitCube)"
"1ade4890-08bd-4c1e-ae6c-0355348118d3","kEjeGr0IHkyubANVNIEY0w==","(VariableNodeVisualization)","(VariableNodeVisualization)"
"c5ed0f48-8ed8-4975-9604-ff401678f981","SA/txdiOdUmWBP9AFnj5gQ==","(Vector_Gadget_CV2)","(Vector_Gadget_CV2)"
"b24c816d-3d17-470f-8d47-40460ca328f6","bYFMshc9D0eNR0BGDKMo9g==","(Vehicle_50sCar)","(Vehicle_50sCar)"
"ca3b9e27-9731-4980-9b6a-2df229c8cece","J547yjGXgEmbai3yKcjOzg==","(Vehicle_RallyBuggy)","(Vehicle_RallyBuggy)"
"407ad6e7-edf3-4c9e-9dc2-8ad8f8712631","59Z6QPPtnkydworY+HEmMQ==","(Vehicle_Truck)","(Vehicle_Truck)"
"d75b5f13-84fa-4ac7-8f5a-7c3a85efe3fd","E19b1/qEx0qPWnw6he/j/Q==","(Vehicle_Wolf)","(Vehicle_Wolf)"
"ec31a3b4-0dd8-400e-8307-aea666cfaa27","tKMx7NgNDkCDB66mZs+qJw==","(VendingMachine)_SpawnableTool","(VendingMachine)_SpawnableTool"
"54e8dae8-5fc1-47d7-87bb-158afc26c845","6NroVMFf10eHuxWK/CbIRQ==","(WaterBottle)","(WaterBottle)"
"04945608-a342-4787-a6b3-c01a3379028b","CFaUBEKjh0ems8AaM3kCiw==","(WaterJug_Sandbox)Variant","(WaterJug_Sandbox)Variant"
"195e2040-5aca-42c4-8868-d6b7d1bbb9a7","QCBeGcpaxEKIaNa30bu5pw==","(WaveNodeVisualization)","(WaveNodeVisualization)"
"fb24961a-fd73-4c36-8017-684cb7e922f7","GpYk+3P9NkyAF2hMt+ki9w==","(Wearable_Handle)","(Wearable_Handle)"
"2ff50acc-a157-46b0-b637-241b6af88d2b","zAr1L1ehsEa2NyQbaviNKw==","(WelcomeMatV2)","(WelcomeMatV2)"
"91448b58-a7fa-4d95-a69b-d91c1b0ceb39","WItEkfqnlU2mm9kcGwzrOQ==","(Whip)","(Whip)"
"ea5aba0c-77ff-4224-bdd4-7d305f6ad018","DLpa6v93JEK91H0wX2rQGA==","(Whip_Sandbox)Variant","(Whip_Sandbox)Variant"
"24d45218-efc4-4be6-ab1c-8877869ddedd","GFLUJMTv5kurHIh3hp3e3Q==","(WoodStack_Sandbox)Variant","(WoodStack_Sandbox)Variant"
"9148d901-581f-48f8-b704-ef04786ea760","AdlIkR9Y+Ei3BO8EeG6nYA==","(Wood_Pallet_Sandbox)Variant","(Wood_Pallet_Sandbox)Variant"
"1ca2d154-540e-45e9-a338-f13e9d871ff9","VNGiHA5U6UWjOPE+nYcf+Q==","(Wooden_Spool_Sandbox)Variant","(Wooden_Spool_Sandbox)Variant"
"30b880e6-6c83-4f34-9136-a02551d8d293","5oC4MINsNE+RNqAlUdjSkw==","ANIMATIONGIZMO","(AnimationGizmo)"
"27a25758-e0d6-47fc-b3d3-477a48dc3276","WFeiJ9bg/Eez00d6SNwydg==","BACKGROUNDOBJECTS_NODE","(BackgroundObjectsCircuit)"
"80486c5d-29bb-4bd3-b162-a529ae6b19bb","XWxIgLsp00uxYqUprmsZuw==","BOOLEAN_NODE","(BooleanNodeVisualization)"
"7eb93413-2669-4572-8bfc-08b28dfd2255","EzS5fmkmckWL/Aiyjf0iVQ==","BOUNCE_PAD","(Bounce_Pad_Sandbox)"
"961bd7db-f6e6-4a49-a166-8fb2762a17f3","29cblub2SUqhZo+ydioX8w==","CC_WAND","(Quest_Goblin_Wand)"
"505616e7-dded-4198-8dec-fc34ddff3efb","5xZWUO3dmEGN7Pw03f8++w==","CLAMP_GIZMO","(ClampGizmo_CV1)"
"62ff23a5-21d8-4fe0-9154-67bec4a55f85","pSP/Ytgh4E+RVGe+xKVfhQ==","COMBINATOR_NODE","(CombinatorNodeVisualization)"
"d3bde389-6ebf-41f3-906a-6fe549377a86","ieO9079u80GQam/lSTd6hg==","COMPARER_NODE","(ComparerNodeVisualization)"
"d868ee5a-49e2-442e-8be7-903cee667dae","Wu5o2OJJLkSL55A87mZ9rg==","COSTUME_DUMMY","(CostumeDummy)"
"644ad590-d505-4431-ab9c-3303229b47b2","kNVKZAXVMUSrnDMDIptHsg==","CURTAIN_TIED","(Curtain_Sandbox)Variant"
"5511f5e1-3a38-4517-a71b-468ab2fd1410","4fURVTg6F0WnG0aKsv0UEA==","CURTAIN_WAVY","(Curtain_Flat_Sandbox)Variant"
"dd981e27-9818-49a4-9a48-1cbda859e30a","Jx6Y3RiYpEmaSBy9qFnjCg==","DELAY_NODE","(DelayNodeVisualization)"
"ddeb1eeb-a19f-4a88-aa86-1180e2e479e6","6x7r3Z+hiEqqhhGA4uR55g==","DYNAMIC_SPOTLIGHT","(DynamicSpotlightGadget)"
"0b0d7a08-bda7-4597-88bc-a0aa0eab29b8","CHoNC6e9l0WIvKCqDqspuA==","DYNAMINC_POINT_LIGHT","(DynamicPointLightGadget)"
"0b06f6a0-5a1d-44c9-9640-ac968fc0ebbd","oPYGCx1ayUSWQKyWj8DrvQ==","FOG_NODE","(FogNode)"
"35156ec4-a488-4771-835d-6cc2f69bfd6c","xG4VNYikcUeDXWzC9pv9bA==","GAME_ROLE_NODE","(GameRoleNode)"
"f92bedc3-7fb9-445e-8383-0ea0358ee0be","w+0r+bl/XkSDgw6gNY7gvg==","INVISIBLE_COLLISION","(InvisibleCollision)"
"b5add3da-1a42-49c0-a25a-7b255f766992","2tOttUIawEmiWnslX3Zpkg==","MOCKTAIL_MARTINI","(Sandbox_Mocktail_Martini)"
"202ed21e-c05d-4cce-bdc5-2f063e57d84c","HtIuIF3Azky9xS8GPlfYTA==","PARTICLE_EMITTER","(ParticleEmitter)"
"7f7453c3-7d8f-4ab0-90e9-135b8e4c43ce","w1N0f499sEqQ6RNbjkxDzg==","PIRATE_CUTLASS","(Quest_Pirate1_Cutlass)"
"4e07f27a-c051-446b-993a-d73241b09e25","evIHTlHAa0SZOtcyQbCeJQ==","PISTON_GIZMO","(PistonGizmo_CV1)"
"9eccbe6f-a1ce-4564-89f5-0b2253361ce1","b77Mns6hZEWJ9QsiUzYc4Q==","PLAYER_RESPAWN_POINT","(PlayerRespawnPointVisual)"
"abc546bd-9a19-4db0-a5cd-414350232df1","vUbFqxmasE2lzUFDUCMt8Q==","PLAYER_ROLE_MAP_NODE","(PlayerRoleMappingNode)"
"3a8779f7-e42d-4c89-84d1-fa32c975bf6f","93mHOi3kiUyE0foyyXW/bw==","POLAROID","(Polaroid)"
"a922ac89-e7fb-41b6-96e9-b08177a83d68","iawiqfvntkGW6bCBd6g9aA==","RANDOM_NODE","(RandomNodeVisualization)"
"ba7fdc25-7fad-4762-8094-caa7a54710c5","Jdx/uq1/YkeAlMqnpUcQxQ==","RANGEFINDER_GADGET","(RangefinderVisualization)"
"cf6cb5d2-6b8e-4d70-b73d-1f467d865a40","0rVsz45rcE23PR9GfYZaQA==","RC_CAR","(RCCar)"
"d09107d9-94fc-4ca9-b840-f93ced7734d1","2QeR0PyUqUy4QPk87Xc00Q==","RC_REMOTE_CONTROL","(RemoteControl)"
"367a1ee0-2ebe-4872-9e21-90aa40b4766f","4B56Nr4uckieIZCqQLR2bw==","ROTATOR_GIZMO","(RotatorGizmo_CV1)"
"cd0f1786-7f6d-4eb9-9726-7e6a01bce395","hhcPzW1/uU6XJn5qAbzjlQ==","SANDBOX_BUTTON","(Sandbox_Button)"
"6afb4bf6-34c8-4a1c-8786-c05d89424c5c","9kv7asg0HEqHhsBdiUJMXA==","SANDBOX_TEXT","(Sandbox_Text)"
"e3bc1fcc-283e-4ec6-be64-deb3bc87664c","zB+84z4oxk6+ZN6zvIdmTA==","SANDBOX_TOGGLE_BUTTON","(Sandbox_Toggle_Button)"
"abee0c06-ad1f-47ac-b8b0-2c8499199858","Bgzuqx+trEe4sCyEmRmYWA==","SFX_NODE","(SFXNodeVisualization)"
"7c9611ba-39df-4747-8b14-d93cfd65726d","uhGWfN85R0eLFNk8/WVybQ==","SHAPE_CONTAINER","(StandaloneShapeContainer)"
"9dcfdf8b-cda7-4081-81da-b12de4dd5bcc","i9/PnafNgUCB2rEt5N1bzA==","SKYDOME_NODE","(SkyBoxCircuit)"
"f907713c-ec29-47fe-b57d-9b6d7b4890b0","PHEH+Sns/ke1fZtte0iQsA==","SMOOTH_LOOK_AT","(LookAtGizmo_CV1)"
"9113eb9f-a8a7-42d9-88da-e296605119dd","n+sTkaeo2UKI2uKWYFEZ3Q==","SUN_LIGHT","(SunCircuit)"
"3bc89fc7-bbe7-4a82-bdc8-f486c56ad3a4","x5/IO+e7gkq9yPSGxWrTpA==","TRIGGER_VOLUME","(TriggerVolume)"
"5efb6bad-fe1b-4527-af1a-3d0326efade6","rWv7Xhv+J0WvGj0DJu+t5g==","WELCOME_MAT","(SandboxWelcomeMat)"
